cat,tp,sl,dias,n,wr,e,ea_lin,ea_comp,usd,freq
Sweet Spot,0.05,0.03,5,7,28.6,-0.95,-27.0,-23.8,-33.7,28.0
Sweet Spot,0.05,0.04,5,7,28.6,-1.67,-47.3,-37.9,-59.1,28.0
Sweet Spot,0.05,0.05,5,6,33.3,-1.9,-46.2,-37.3,-57.8,24.0
Sweet Spot,0.05,0.06,5,6,33.3,-2.57,-62.5,-46.9,-78.1,24.0
Sweet Spot,0.05,0.08,5,6,33.3,-3.18,-77.4,-54.5,-96.7,24.0
Sweet Spot,0.05,0.1,5,6,50.0,-1.68,-40.9,-33.8,-51.1,24.0
Sweet Spot,0.08,0.03,5,7,14.3,-1.67,-47.3,-37.9,-59.1,28.0
Sweet Spot,0.08,0.04,5,7,14.3,-2.52,-71.6,-51.6,-89.5,28.0
Sweet Spot,0.08,0.05,5,6,16.7,-3.07,-74.6,-53.1,-93.3,24.0
Sweet Spot,0.08,0.06,5,6,16.7,-3.9,-94.9,-62.0,-118.6,24.0
Sweet Spot,0.08,0.08,5,6,16.7,-4.85,-118.0,-70.2,-147.4,24.0
Sweet Spot,0.08,0.1,5,6,16.7,-5.52,-134.2,-74.9,-167.8,24.0
Sweet Spot,0.1,0.03,5,7,14.3,-1.38,-39.2,-32.6,-49.0,28.0
Sweet Spot,0.1,0.04,5,7,14.3,-2.24,-63.5,-47.4,-79.4,28.0
Sweet Spot,0.1,0.05,5,6,16.7,-2.73,-66.5,-49.1,-83.1,24.0
Sweet Spot,0.1,0.06,5,6,16.7,-3.57,-86.8,-58.7,-108.5,24.0
Sweet Spot,0.1,0.08,5,6,16.7,-4.51,-109.8,-67.5,-137.3,24.0
Sweet Spot,0.1,0.1,5,6,16.7,-5.18,-126.1,-72.6,-157.6,24.0
Sweet Spot,0.12,0.03,5,7,0.0,-3.24,-91.9,-60.7,-114.9,28.0
Sweet Spot,0.12,0.04,5,7,0.0,-4.24,-120.3,-70.7,-150.3,28.0
Sweet Spot,0.12,0.05,5,6,0.0,-5.23,-127.3,-73.0,-159.2,24.0
Sweet Spot,0.12,0.06,5,6,0.0,-6.23,-151.7,-79.1,-189.6,24.0
Sweet Spot,0.12,0.08,5,6,0.0,-7.51,-182.8,-85.1,-228.6,24.0
Sweet Spot,0.12,0.1,5,6,0.0,-8.06,-196.2,-87.1,-245.2,24.0
Sweet Spot,0.15,0.03,5,7,0.0,-3.24,-91.9,-60.7,-114.9,28.0
Sweet Spot,0.15,0.04,5,7,0.0,-4.24,-120.3,-70.7,-150.3,28.0
Sweet Spot,0.15,0.05,5,6,0.0,-5.23,-127.3,-73.0,-159.2,24.0
Sweet Spot,0.15,0.06,5,6,0.0,-6.23,-151.7,-79.1,-189.6,24.0
Sweet Spot,0.15,0.08,5,6,0.0,-7.51,-182.8,-85.1,-228.6,24.0
Sweet Spot,0.15,0.1,5,6,0.0,-8.06,-196.2,-87.1,-245.2,24.0
Sweet Spot,0.2,0.03,5,7,0.0,-3.24,-91.9,-60.7,-114.9,28.0
Sweet Spot,0.2,0.04,5,7,0.0,-4.24,-120.3,-70.7,-150.3,28.0
Sweet Spot,0.2,0.05,5,6,0.0,-5.23,-127.3,-73.0,-159.2,24.0
Sweet Spot,0.2,0.06,5,6,0.0,-6.23,-151.7,-79.1,-189.6,24.0
Sweet Spot,0.2,0.08,5,6,0.0,-7.51,-182.8,-85.1,-228.6,24.0
Sweet Spot,0.2,0.1,5,6,0.0,-8.06,-196.2,-87.1,-245.2,24.0
Sweet Spot,0.05,0.03,7,3,33.3,-0.52,-6.3,-6.1,-7.9,12.0
Sweet Spot,0.05,0.04,7,3,33.3,-1.18,-14.4,-13.5,-18.0,12.0
Sweet Spot,0.05,0.05,7,3,33.3,-1.85,-22.5,-20.3,-28.1,12.0
Sweet Spot,0.05,0.06,7,3,33.3,-2.52,-30.6,-26.7,-38.3,12.0
Sweet Spot,0.05,0.08,7,3,33.3,-3.85,-46.8,-38.0,-58.6,12.0
Sweet Spot,0.05,0.1,7,3,33.3,-5.18,-63.1,-47.7,-78.8,12.0
Sweet Spot,0.08,0.03,7,3,33.3,0.48,5.9,6.0,7.3,12.0
Sweet Spot,0.08,0.04,7,3,33.3,-0.18,-2.2,-2.2,-2.8,12.0
Sweet Spot,0.08,0.05,7,3,33.3,-0.85,-10.3,-9.9,-12.9,12.0
Sweet Spot,0.08,0.06,7,3,33.3,-1.52,-18.5,-17.0,-23.1,12.0
Sweet Spot,0.08,0.08,7,3,33.3,-2.85,-34.7,-29.7,-43.4,12.0
Sweet Spot,0.08,0.1,7,3,33.3,-4.18,-50.9,-40.5,-63.6,12.0
Sweet Spot,0.1,0.03,7,3,33.3,1.15,14.0,14.9,17.5,12.0
Sweet Spot,0.1,0.04,7,3,33.3,0.48,5.9,6.0,7.3,12.0
Sweet Spot,0.1,0.05,7,3,33.3,-0.18,-2.2,-2.2,-2.8,12.0
Sweet Spot,0.1,0.06,7,3,33.3,-0.85,-10.3,-9.9,-12.9,12.0
Sweet Spot,0.1,0.08,7,3,33.3,-2.18,-26.6,-23.6,-33.2,12.0
Sweet Spot,0.1,0.1,7,3,33.3,-3.52,-42.8,-35.3,-53.5,12.0
Sweet Spot,0.12,0.03,7,3,0.0,-3.18,-38.7,-32.5,-48.4,12.0
Sweet Spot,0.12,0.04,7,3,0.0,-4.18,-50.9,-40.5,-63.6,12.0
Sweet Spot,0.12,0.05,7,3,0.0,-5.18,-63.1,-47.7,-78.8,12.0
Sweet Spot,0.12,0.06,7,3,0.0,-6.18,-75.2,-54.0,-94.0,12.0
Sweet Spot,0.12,0.08,7,3,0.0,-8.18,-99.6,-64.6,-124.5,12.0
Sweet Spot,0.12,0.1,7,3,0.0,-10.18,-123.9,-72.9,-154.9,12.0
Sweet Spot,0.15,0.03,7,3,0.0,-3.18,-38.7,-32.5,-48.4,12.0
Sweet Spot,0.15,0.04,7,3,0.0,-4.18,-50.9,-40.5,-63.6,12.0
Sweet Spot,0.15,0.05,7,3,0.0,-5.18,-63.1,-47.7,-78.8,12.0
Sweet Spot,0.15,0.06,7,3,0.0,-6.18,-75.2,-54.0,-94.0,12.0
Sweet Spot,0.15,0.08,7,3,0.0,-8.18,-99.6,-64.6,-124.5,12.0
Sweet Spot,0.15,0.1,7,3,0.0,-10.18,-123.9,-72.9,-154.9,12.0
Sweet Spot,0.2,0.03,7,3,0.0,-3.18,-38.7,-32.5,-48.4,12.0
Sweet Spot,0.2,0.04,7,3,0.0,-4.18,-50.9,-40.5,-63.6,12.0
Sweet Spot,0.2,0.05,7,3,0.0,-5.18,-63.1,-47.7,-78.8,12.0
Sweet Spot,0.2,0.06,7,3,0.0,-6.18,-75.2,-54.0,-94.0,12.0
Sweet Spot,0.2,0.08,7,3,0.0,-8.18,-99.6,-64.6,-124.5,12.0
Sweet Spot,0.2,0.1,7,3,0.0,-10.18,-123.9,-72.9,-154.9,12.0
Sweet Spot,0.05,0.03,11,18,61.1,1.69,123.2,239.2,154.0,73.0
Sweet Spot,0.05,0.04,11,18,61.1,1.3,94.8,156.4,118.5,73.0
Sweet Spot,0.05,0.05,11,18,61.1,0.91,66.4,93.7,83.0,73.0
Sweet Spot,0.05,0.06,11,18,61.1,0.52,38.0,46.1,47.5,73.0
Sweet Spot,0.05,0.08,11,18,61.1,-0.26,-18.8,-17.1,-23.5,73.0
Sweet Spot,0.05,0.1,11,18,72.2,0.63,46.1,58.4,57.6,73.0
Sweet Spot,0.08,0.03,11,18,44.4,1.69,123.2,239.2,154.0,73.0
Sweet Spot,0.08,0.04,11,18,44.4,1.13,82.6,127.4,103.3,73.0
Sweet Spot,0.08,0.05,11,18,44.4,0.58,42.1,52.1,52.6,73.0
Sweet Spot,0.08,0.06,11,18,44.4,0.02,1.5,1.5,1.9,73.0
Sweet Spot,0.08,0.08,11,18,44.4,-1.09,-79.6,-55.1,-99.5,73.0
Sweet Spot,0.08,0.1,11,17,47.1,-1.73,-119.5,-70.0,-149.3,69.0
Sweet Spot,0.1,0.03,11,18,44.4,2.58,188.1,540.3,235.1,73.0
Sweet Spot,0.1,0.04,11,18,44.4,2.02,147.5,330.7,184.4,73.0
Sweet Spot,0.1,0.05,11,18,44.4,1.47,106.9,189.1,133.7,73.0
Sweet Spot,0.1,0.06,11,18,44.4,0.91,66.4,93.7,83.0,73.0
Sweet Spot,0.1,0.08,11,18,44.4,-0.2,-14.7,-13.7,-18.4,73.0
Sweet Spot,0.1,0.1,11,17,41.2,-1.97,-135.7,-74.6,-169.6,69.0
Sweet Spot,0.12,0.03,11,18,38.9,2.63,192.1,566.1,240.1,73.0
Sweet Spot,0.12,0.04,11,18,38.9,2.02,147.5,330.7,184.4,73.0
Sweet Spot,0.12,0.05,11,18,38.9,1.41,102.9,177.8,128.6,73.0
Sweet Spot,0.12,0.06,11,18,38.9,0.8,58.3,78.7,72.9,73.0
Sweet Spot,0.12,0.08,11,18,38.9,-0.42,-30.9,-26.7,-38.7,73.0
Sweet Spot,0.12,0.1,11,17,35.3,-2.44,-168.1,-81.8,-210.2,69.0
Sweet Spot,0.15,0.03,11,18,27.8,1.8,131.3,267.4,164.1,73.0
Sweet Spot,0.15,0.04,11,18,27.8,1.08,78.6,118.5,98.2,73.0
Sweet Spot,0.15,0.05,11,18,27.8,0.35,25.8,29.4,32.3,73.0
Sweet Spot,0.15,0.06,11,18,27.8,-0.37,-26.9,-23.6,-33.6,73.0
Sweet Spot,0.15,0.08,11,18,27.8,-1.81,-132.3,-73.7,-165.4,73.0
Sweet Spot,0.15,0.1,11,17,29.4,-2.85,-196.5,-86.4,-245.7,69.0
Sweet Spot,0.2,0.03,11,17,17.6,0.86,59.3,80.6,74.2,69.0
Sweet Spot,0.2,0.04,11,17,17.6,0.04,2.6,2.6,3.2,69.0
Sweet Spot,0.2,0.05,11,17,17.6,-0.79,-54.2,-42.0,-67.8,69.0
Sweet Spot,0.2,0.06,11,17,17.6,-1.61,-111.0,-67.3,-138.7,69.0
Sweet Spot,0.2,0.08,11,17,17.6,-3.26,-224.5,-89.8,-280.7,69.0
Sweet Spot,0.2,0.1,11,16,18.8,-4.57,-296.8,-95.2,-371.1,65.0
Sweet Spot,0.05,0.03,15,20,65.0,2.05,166.2,418.3,207.8,81.0
Sweet Spot,0.05,0.04,15,20,65.0,1.7,137.8,292.3,172.3,81.0
Sweet Spot,0.05,0.05,15,20,65.0,1.35,109.4,196.6,136.8,81.0
Sweet Spot,0.05,0.06,15,20,65.0,1.0,81.1,124.0,101.3,81.0
Sweet Spot,0.05,0.08,15,20,65.0,0.3,24.3,27.4,30.3,81.0
Sweet Spot,0.05,0.1,15,20,80.0,1.85,150.0,342.1,187.5,81.0
Sweet Spot,0.08,0.03,15,20,40.0,1.25,101.3,173.8,126.7,81.0
Sweet Spot,0.08,0.04,15,20,40.0,0.65,52.7,69.0,65.8,81.0
Sweet Spot,0.08,0.05,15,20,40.0,0.05,4.0,4.1,5.0,81.0
Sweet Spot,0.08,0.06,15,20,40.0,-0.55,-44.7,-36.1,-55.8,81.0
Sweet Spot,0.08,0.08,15,20,40.0,-1.75,-142.0,-76.1,-177.5,81.0
Sweet Spot,0.08,0.1,15,19,47.4,-1.62,-125.1,-71.7,-156.4,77.0
Sweet Spot,0.1,0.03,15,20,35.0,1.4,113.5,208.7,141.9,81.0
Sweet Spot,0.1,0.04,15,20,35.0,0.75,60.8,83.2,76.0,81.0
Sweet Spot,0.1,0.05,15,20,35.0,0.1,8.1,8.4,10.1,81.0
Sweet Spot,0.1,0.06,15,20,35.0,-0.55,-44.7,-36.1,-55.8,81.0
Sweet Spot,0.1,0.08,15,20,35.0,-1.85,-150.1,-78.0,-187.6,81.0
Sweet Spot,0.1,0.1,15,19,36.8,-2.78,-214.3,-88.6,-267.9,77.0
Sweet Spot,0.12,0.03,15,20,30.0,1.35,109.4,196.6,136.8,81.0
Sweet Spot,0.12,0.04,15,20,30.0,0.65,52.7,69.0,65.8,81.0
Sweet Spot,0.12,0.05,15,19,26.3,-0.68,-52.5,-40.9,-65.6,77.0
Sweet Spot,0.12,0.06,15,19,26.3,-1.42,-109.3,-66.7,-136.6,77.0
Sweet Spot,0.12,0.08,15,19,26.3,-2.89,-222.8,-89.6,-278.5,77.0
Sweet Spot,0.12,0.1,15,18,27.8,-4.04,-295.1,-95.1,-368.9,73.0
Sweet Spot,0.15,0.03,15,19,15.8,-0.31,-24.2,-21.5,-30.2,77.0
Sweet Spot,0.15,0.04,15,19,15.8,-1.16,-89.1,-59.2,-111.3,77.0
Sweet Spot,0.15,0.05,15,18,16.7,-1.83,-133.4,-74.0,-166.8,73.0
Sweet Spot,0.15,0.06,15,18,16.7,-2.66,-194.2,-86.0,-242.8,73.0
Sweet Spot,0.15,0.08,15,18,16.7,-4.33,-315.9,-96.0,-394.9,73.0
Sweet Spot,0.15,0.1,15,17,23.5,-4.28,-294.9,-95.1,-368.7,69.0
Sweet Spot,0.2,0.03,15,18,11.1,-0.59,-43.4,-35.3,-54.2,73.0
Sweet Spot,0.2,0.04,15,18,11.1,-1.48,-108.3,-66.4,-135.4,73.0
Sweet Spot,0.2,0.05,15,17,11.8,-2.21,-152.6,-78.6,-190.8,69.0
Sweet Spot,0.2,0.06,15,17,11.8,-3.1,-213.5,-88.6,-266.8,69.0
Sweet Spot,0.2,0.08,15,17,11.8,-4.86,-335.1,-96.8,-418.9,69.0
Sweet Spot,0.2,0.1,15,16,18.8,-4.53,-293.9,-95.1,-367.3,65.0
Sweet Spot,0.05,0.03,21,16,68.8,2.37,153.6,356.3,192.0,65.0
Sweet Spot,0.05,0.04,21,16,68.8,2.05,133.3,274.2,166.6,65.0
Sweet Spot,0.05,0.05,21,16,68.8,1.74,113.0,206.7,141.3,65.0
Sweet Spot,0.05,0.06,21,16,68.8,1.43,92.8,151.2,115.9,65.0
Sweet Spot,0.05,0.08,21,16,68.8,0.8,52.2,68.2,65.2,65.0
Sweet Spot,0.05,0.1,21,16,75.0,1.12,72.5,105.6,90.6,65.0
Sweet Spot,0.08,0.03,21,16,43.8,1.68,109.0,194.7,136.2,65.0
Sweet Spot,0.08,0.04,21,16,43.8,1.12,72.5,105.6,90.6,65.0
Sweet Spot,0.08,0.05,21,16,43.8,0.55,36.0,43.2,45.0,65.0
Sweet Spot,0.08,0.06,21,16,43.8,-0.01,-0.5,-0.5,-0.7,65.0
Sweet Spot,0.08,0.08,21,16,43.8,-1.13,-73.5,-52.3,-91.9,65.0
Sweet Spot,0.08,0.1,21,16,43.8,-2.26,-146.5,-77.3,-183.2,65.0
Sweet Spot,0.1,0.03,21,16,31.2,0.93,60.3,82.3,75.4,65.0
Sweet Spot,0.1,0.04,21,16,31.2,0.24,15.7,17.0,19.6,65.0
Sweet Spot,0.1,0.05,21,16,31.2,-0.45,-28.9,-25.2,-36.1,65.0
Sweet Spot,0.1,0.06,21,16,31.2,-1.13,-73.5,-52.3,-91.9,65.0
Sweet Spot,0.1,0.08,21,16,31.2,-2.51,-162.7,-80.8,-203.4,65.0
Sweet Spot,0.1,0.1,21,16,31.2,-3.88,-252.0,-92.3,-315.0,65.0
Sweet Spot,0.12,0.03,21,16,25.0,0.62,40.0,49.0,50.0,65.0
Sweet Spot,0.12,0.04,21,16,25.0,-0.13,-8.6,-8.3,-10.8,65.0
Sweet Spot,0.12,0.05,21,16,25.0,-0.88,-57.3,-43.8,-71.6,65.0
Sweet Spot,0.12,0.06,21,16,25.0,-1.63,-106.0,-65.6,-132.5,65.0
Sweet Spot,0.12,0.08,21,16,25.0,-3.13,-203.3,-87.3,-254.1,65.0
Sweet Spot,0.12,0.1,21,16,25.0,-4.63,-300.6,-95.4,-375.8,65.0
Sweet Spot,0.15,0.03,21,16,6.2,-2.01,-130.3,-73.2,-162.9,65.0
Sweet Spot,0.15,0.04,21,15,6.7,-2.87,-174.6,-83.0,-218.3,61.0
Sweet Spot,0.15,0.05,21,15,6.7,-3.8,-231.4,-90.6,-289.3,61.0
Sweet Spot,0.15,0.06,21,15,6.7,-4.74,-288.2,-94.8,-360.2,61.0
Sweet Spot,0.15,0.08,21,14,7.1,-6.5,-369.1,-97.8,-461.4,57.0
Sweet Spot,0.15,0.1,21,14,7.1,-8.36,-474.5,-99.3,-593.2,57.0
Sweet Spot,0.2,0.03,21,16,0.0,-3.13,-203.3,-87.3,-254.1,65.0
Sweet Spot,0.2,0.04,21,15,0.0,-4.14,-251.7,-92.3,-314.6,61.0
Sweet Spot,0.2,0.05,21,15,0.0,-5.14,-312.5,-96.0,-390.7,61.0
Sweet Spot,0.2,0.06,21,15,0.0,-6.14,-373.4,-97.9,-466.7,61.0
Sweet Spot,0.2,0.08,21,14,0.0,-8.14,-462.4,-99.2,-578.0,57.0
Sweet Spot,0.2,0.1,21,14,0.0,-10.14,-575.9,-99.8,-719.9,57.0
Sweet Spot,0.05,0.03,30,21,71.4,2.6,221.5,790.7,276.9,85.0
Sweet Spot,0.05,0.04,30,21,71.4,2.32,197.2,602.4,246.5,85.0
Sweet Spot,0.05,0.05,30,21,71.4,2.03,172.9,453.6,216.1,85.0
Sweet Spot,0.05,0.06,30,21,71.4,1.74,148.5,336.0,185.6,85.0
Sweet Spot,0.05,0.08,30,21,76.2,1.79,152.6,353.7,190.7,85.0
Sweet Spot,0.05,0.1,30,21,85.7,2.74,233.7,902.8,292.1,85.0
Sweet Spot,0.08,0.03,30,21,42.9,1.6,136.4,286.8,170.4,85.0
Sweet Spot,0.08,0.04,30,21,42.9,1.03,87.7,139.3,109.6,85.0
Sweet Spot,0.08,0.05,30,21,42.9,0.46,39.0,47.6,48.8,85.0
Sweet Spot,0.08,0.06,30,21,42.9,-0.11,-9.6,-9.2,-12.1,85.0
Sweet Spot,0.08,0.08,30,21,47.6,-0.49,-42.1,-34.4,-52.6,85.0
Sweet Spot,0.08,0.1,30,19,47.4,-1.57,-121.3,-70.6,-151.6,77.0
Sweet Spot,0.1,0.03,30,21,33.3,1.22,103.9,180.9,129.9,85.0
Sweet Spot,0.1,0.04,30,21,33.3,0.55,47.1,60.0,58.9,85.0
Sweet Spot,0.1,0.05,30,21,33.3,-0.11,-9.6,-9.2,-12.1,85.0
Sweet Spot,0.1,0.06,30,21,33.3,-0.78,-66.4,-48.7,-83.0,85.0
Sweet Spot,0.1,0.08,30,21,33.3,-2.11,-180.0,-83.8,-225.0,85.0
Sweet Spot,0.1,0.1,30,19,26.3,-4.84,-372.7,-97.8,-465.9,77.0
Sweet Spot,0.12,0.03,30,21,33.3,1.89,160.7,391.3,200.9,85.0
Sweet Spot,0.12,0.04,30,21,33.3,1.22,103.9,180.9,129.9,85.0
Sweet Spot,0.12,0.05,30,20,30.0,-0.02,-1.3,-1.2,-1.6,81.0
Sweet Spot,0.12,0.06,30,20,30.0,-0.72,-58.0,-44.1,-72.5,81.0
Sweet Spot,0.12,0.08,30,20,30.0,-2.12,-171.6,-82.3,-214.5,81.0
Sweet Spot,0.12,0.1,30,18,22.2,-5.21,-380.6,-98.0,-475.7,73.0
Sweet Spot,0.15,0.03,30,20,15.0,-0.42,-33.8,-28.7,-42.2,81.0
Sweet Spot,0.15,0.04,30,20,15.0,-1.27,-102.7,-64.4,-128.4,81.0
Sweet Spot,0.15,0.05,30,19,15.8,-1.96,-151.1,-78.3,-188.9,77.0
Sweet Spot,0.15,0.06,30,19,15.8,-2.8,-216.0,-88.8,-270.0,77.0
Sweet Spot,0.15,0.08,30,18,16.7,-4.29,-313.1,-95.9,-391.4,73.0
Sweet Spot,0.15,0.1,30,16,12.5,-6.98,-453.2,-99.1,-566.4,65.0
Sweet Spot,0.2,0.03,30,20,10.0,-0.82,-66.2,-48.6,-82.8,81.0
Sweet Spot,0.2,0.04,30,20,10.0,-1.72,-139.2,-75.4,-174.0,81.0
Sweet Spot,0.2,0.05,30,19,10.5,-2.49,-191.7,-85.6,-239.6,77.0
Sweet Spot,0.2,0.06,30,19,10.5,-3.38,-260.6,-92.9,-325.8,77.0
Sweet Spot,0.2,0.08,30,18,11.1,-5.01,-365.9,-97.7,-457.3,73.0
Sweet Spot,0.2,0.1,30,16,6.2,-8.23,-534.3,-99.6,-667.8,65.0
Sweet Spot,0.05,0.03,45,29,58.6,1.53,180.1,497.6,225.2,118.0
Sweet Spot,0.05,0.04,45,29,62.1,1.43,168.0,430.0,210.0,118.0
Sweet Spot,0.05,0.05,45,29,62.1,1.05,123.4,241.1,154.2,118.0
Sweet Spot,0.05,0.06,45,28,64.3,0.92,104.3,182.4,130.4,114.0
Sweet Spot,0.05,0.08,45,28,71.4,1.13,128.6,259.3,160.8,114.0
Sweet Spot,0.05,0.1,45,28,82.1,2.17,246.2,1042.8,307.8,114.0
Sweet Spot,0.08,0.03,45,29,41.4,1.39,163.9,409.3,204.9,118.0
Sweet Spot,0.08,0.04,45,29,41.4,0.81,95.0,157.5,118.7,118.0
Sweet Spot,0.08,0.05,45,29,41.4,0.22,26.0,29.7,32.5,118.0
Sweet Spot,0.08,0.06,45,28,46.4,0.35,39.4,48.2,49.3,114.0
Sweet Spot,0.08,0.08,45,28,50.0,-0.15,-17.4,-16.0,-21.7,114.0
Sweet Spot,0.08,0.1,45,26,53.8,-0.45,-47.9,-38.1,-59.9,105.0
Sweet Spot,0.1,0.03,45,29,34.5,1.32,155.8,370.1,194.8,118.0
Sweet Spot,0.1,0.04,45,29,34.5,0.67,78.7,119.2,98.4,118.0
Sweet Spot,0.1,0.05,45,29,34.5,0.01,1.7,1.7,2.1,118.0
Sweet Spot,0.1,0.06,45,28,39.3,0.13,15.1,16.3,18.8,114.0
Sweet Spot,0.1,0.08,45,28,39.3,-1.08,-122.8,-70.9,-153.5,114.0
Sweet Spot,0.1,0.1,45,26,38.5,-2.45,-258.8,-92.7,-323.5,105.0
Sweet Spot,0.12,0.03,45,29,31.0,1.5,176.1,474.2,220.1,118.0
Sweet Spot,0.12,0.04,45,29,31.0,0.81,95.0,157.5,118.7,118.0
Sweet Spot,0.12,0.05,45,29,31.0,0.12,13.9,14.9,17.3,118.0
Sweet Spot,0.12,0.06,45,28,35.7,0.28,31.3,36.7,39.1,114.0
Sweet Spot,0.12,0.08,45,28,35.7,-1.01,-114.7,-68.4,-143.4,114.0
Sweet Spot,0.12,0.1,45,26,34.6,-2.53,-266.9,-93.3,-333.6,105.0
Sweet Spot,0.15,0.03,45,29,20.7,0.57,66.6,94.2,83.2,118.0
Sweet Spot,0.15,0.04,45,28,21.4,-0.09,-10.2,-9.7,-12.7,114.0
Sweet Spot,0.15,0.05,45,28,21.4,-0.88,-99.4,-63.2,-124.3,114.0
Sweet Spot,0.15,0.06,45,27,25.9,-0.71,-77.9,-54.3,-97.4,110.0
Sweet Spot,0.15,0.08,45,26,26.9,-1.97,-207.5,-87.7,-259.4,105.0
Sweet Spot,0.15,0.1,45,24,29.2,-2.86,-278.6,-94.1,-348.2,97.0
Sweet Spot,0.2,0.03,45,29,13.8,0.01,1.7,1.7,2.1,118.0
Sweet Spot,0.2,0.04,45,28,14.3,-0.73,-83.2,-56.6,-104.0,114.0
Sweet Spot,0.2,0.05,45,27,14.8,-1.46,-159.9,-80.0,-199.9,110.0
Sweet Spot,0.2,0.06,45,26,19.2,-1.16,-122.2,-70.7,-152.8,105.0
Sweet Spot,0.2,0.08,45,25,20.0,-2.56,-259.9,-92.8,-324.9,101.0
Sweet Spot,0.2,0.1,45,23,21.7,-3.64,-339.1,-96.8,-423.9,93.0
Cazador Dips,0.05,0.03,5,5,40.0,-0.04,-0.8,-0.8,-1.0,20.0
Cazador Dips,0.05,0.04,5,5,60.0,2.2,44.7,55.6,55.8,20.0
Cazador Dips,0.05,0.05,5,6,66.7,3.26,79.4,118.3,99.2,24.0
Cazador Dips,0.05,0.06,5,6,66.7,3.26,79.4,118.3,99.2,24.0
Cazador Dips,0.05,0.08,5,6,66.7,3.26,79.4,118.3,99.2,24.0
Cazador Dips,0.05,0.1,5,6,66.7,3.26,79.4,118.3,99.2,24.0
Cazador Dips,0.08,0.03,5,5,20.0,-1.04,-21.1,-19.1,-26.3,20.0
Cazador Dips,0.08,0.04,5,5,40.0,1.6,32.5,38.1,40.6,20.0
Cazador Dips,0.08,0.05,5,6,33.3,0.93,22.6,25.2,28.2,24.0
Cazador Dips,0.08,0.06,5,6,33.3,0.59,14.5,15.5,18.1,24.0
Cazador Dips,0.08,0.08,5,5,20.0,-1.46,-29.5,-25.7,-36.9,20.0
Cazador Dips,0.08,0.1,5,5,40.0,1.74,35.4,42.0,44.2,20.0
Cazador Dips,0.1,0.03,5,5,20.0,-0.64,-12.9,-12.2,-16.2,20.0
Cazador Dips,0.1,0.04,5,5,40.0,2.4,48.7,61.9,60.9,20.0
Cazador Dips,0.1,0.05,5,6,33.3,1.59,38.8,47.0,48.5,24.0
Cazador Dips,0.1,0.06,5,6,33.3,1.26,30.7,35.7,38.4,24.0
Cazador Dips,0.1,0.08,5,5,20.0,-1.06,-21.4,-19.4,-26.8,20.0
Cazador Dips,0.1,0.1,5,5,40.0,2.54,51.6,66.4,64.5,20.0
Cazador Dips,0.12,0.03,5,5,20.0,-0.24,-4.8,-4.7,-6.0,20.0
Cazador Dips,0.12,0.04,5,5,40.0,3.2,65.0,89.5,81.2,20.0
Cazador Dips,0.12,0.05,5,6,33.3,2.26,55.0,72.3,68.8,24.0
Cazador Dips,0.12,0.06,5,6,33.3,1.93,46.9,59.2,58.6,24.0
Cazador Dips,0.12,0.08,5,5,20.0,-0.66,-13.3,-12.5,-16.6,20.0
Cazador Dips,0.12,0.1,5,5,40.0,3.34,67.8,94.8,84.8,20.0
Cazador Dips,0.15,0.03,5,5,0.0,-3.24,-65.7,-48.7,-82.1,20.0
Cazador Dips,0.15,0.04,5,5,20.0,0.6,12.2,13.0,15.3,20.0
Cazador Dips,0.15,0.05,5,6,16.7,-0.07,-1.8,-1.7,-2.2,24.0
Cazador Dips,0.15,0.06,5,6,16.7,-0.57,-13.9,-13.0,-17.4,24.0
Cazador Dips,0.15,0.08,5,5,0.0,-4.04,-81.9,-56.6,-102.3,20.0
Cazador Dips,0.15,0.1,5,5,20.0,0.56,11.4,12.0,14.3,20.0
Cazador Dips,0.2,0.03,5,5,0.0,-3.24,-65.7,-48.7,-82.1,20.0
Cazador Dips,0.2,0.04,5,5,20.0,1.6,32.5,38.1,40.6,20.0
Cazador Dips,0.2,0.05,5,6,0.0,-2.41,-58.7,-44.8,-73.3,24.0
Cazador Dips,0.2,0.06,5,6,0.0,-2.91,-70.8,-51.3,-88.6,24.0
Cazador Dips,0.2,0.08,5,5,0.0,-4.04,-81.9,-56.6,-102.3,20.0
Cazador Dips,0.2,0.1,5,5,0.0,-2.24,-45.5,-36.9,-56.9,20.0
Cazador Dips,0.05,0.03,7,23,39.1,-0.09,-8.7,-8.3,-10.9,93.0
Cazador Dips,0.05,0.04,7,22,36.4,-0.95,-84.5,-57.2,-105.7,89.0
Cazador Dips,0.05,0.05,7,22,36.4,-1.4,-124.9,-71.6,-156.1,89.0
Cazador Dips,0.05,0.06,7,20,45.0,-0.86,-69.4,-50.2,-86.7,81.0
Cazador Dips,0.05,0.08,7,18,44.4,-1.73,-126.2,-72.0,-157.8,73.0
Cazador Dips,0.05,0.1,7,17,41.2,-2.94,-202.6,-87.2,-253.3,69.0
Cazador Dips,0.08,0.03,7,23,26.1,-0.35,-33.0,-28.2,-41.3,93.0
Cazador Dips,0.08,0.04,7,22,22.7,-1.49,-133.2,-73.9,-166.5,89.0
Cazador Dips,0.08,0.05,7,21,23.8,-1.93,-164.2,-81.0,-205.3,85.0
Cazador Dips,0.08,0.06,7,19,36.8,-0.62,-47.9,-38.1,-59.8,77.0
Cazador Dips,0.08,0.08,7,17,35.3,-1.81,-125.0,-71.7,-156.2,69.0
Cazador Dips,0.08,0.1,7,16,37.5,-2.12,-137.6,-75.1,-172.0,65.0
Cazador Dips,0.1,0.03,7,22,27.3,0.33,29.0,33.6,36.3,89.0
Cazador Dips,0.1,0.04,7,22,22.7,-1.04,-92.6,-60.6,-115.8,89.0
Cazador Dips,0.1,0.05,7,21,23.8,-1.45,-123.7,-71.2,-154.6,85.0
Cazador Dips,0.1,0.06,7,19,36.8,0.12,8.9,9.3,11.1,77.0
Cazador Dips,0.1,0.08,7,17,35.3,-1.11,-76.3,-53.6,-95.4,69.0
Cazador Dips,0.1,0.1,7,16,37.5,-1.37,-88.9,-59.2,-111.2,65.0
Cazador Dips,0.12,0.03,7,22,22.7,0.19,16.9,18.3,21.1,89.0
Cazador Dips,0.12,0.04,7,22,18.2,-1.31,-117.0,-69.2,-146.2,89.0
Cazador Dips,0.12,0.05,7,21,19.0,-1.79,-152.0,-78.4,-190.1,85.0
Cazador Dips,0.12,0.06,7,19,31.6,0.17,13.1,14.0,16.4,77.0
Cazador Dips,0.12,0.08,7,17,29.4,-1.16,-80.2,-55.4,-100.3,69.0
Cazador Dips,0.12,0.1,7,16,31.2,-1.43,-92.9,-60.8,-116.1,65.0
Cazador Dips,0.15,0.03,7,22,18.2,0.05,4.7,4.8,5.9,89.0
Cazador Dips,0.15,0.04,7,22,13.6,-1.63,-145.4,-76.9,-181.7,89.0
Cazador Dips,0.15,0.05,7,21,14.3,-2.17,-184.5,-84.5,-230.6,85.0
Cazador Dips,0.15,0.06,7,18,16.7,-1.97,-143.9,-76.6,-179.8,73.0
Cazador Dips,0.15,0.08,7,16,12.5,-4.09,-265.6,-93.4,-332.0,65.0
Cazador Dips,0.15,0.1,7,15,13.3,-5.02,-305.5,-95.6,-381.9,61.0
Cazador Dips,0.2,0.03,7,21,9.5,-0.27,-23.0,-20.6,-28.8,85.0
Cazador Dips,0.2,0.04,7,21,9.5,-1.93,-164.4,-81.0,-205.5,85.0
Cazador Dips,0.2,0.05,7,20,10.0,-2.51,-203.5,-87.3,-254.4,81.0
Cazador Dips,0.2,0.06,7,18,11.1,-2.58,-188.5,-85.2,-235.6,73.0
Cazador Dips,0.2,0.08,7,16,6.2,-4.64,-301.4,-95.4,-376.7,65.0
Cazador Dips,0.2,0.1,7,15,0.0,-6.76,-411.2,-98.6,-514.0,61.0
Cazador Dips,0.05,0.03,11,62,43.5,0.24,59.8,81.8,74.8,251.0
Cazador Dips,0.05,0.04,11,55,47.3,0.01,2.8,2.9,3.6,223.0
Cazador Dips,0.05,0.05,11,55,49.1,-0.33,-74.2,-52.5,-92.8,223.0
Cazador Dips,0.05,0.06,11,52,53.8,-0.32,-68.0,-49.4,-85.0,211.0
Cazador Dips,0.05,0.08,11,50,58.0,-0.71,-144.5,-76.5,-180.6,203.0
Cazador Dips,0.05,0.1,11,46,60.9,-1.13,-210.0,-87.9,-262.5,187.0
Cazador Dips,0.08,0.03,11,61,32.8,0.36,89.4,144.2,111.8,247.0
Cazador Dips,0.08,0.04,11,54,38.9,0.43,93.3,153.7,116.6,219.0
Cazador Dips,0.08,0.05,11,52,42.3,0.26,55.2,73.5,68.9,211.0
Cazador Dips,0.08,0.06,11,49,49.0,0.61,122.2,238.1,152.7,199.0
Cazador Dips,0.08,0.08,11,46,52.2,0.1,18.5,20.3,23.1,187.0
Cazador Dips,0.08,0.1,11,42,57.1,0.03,5.7,5.9,7.1,170.0
Cazador Dips,0.1,0.03,11,57,28.1,0.41,94.3,156.3,117.9,231.0
Cazador Dips,0.1,0.04,11,51,33.3,0.43,88.8,142.6,111.0,207.0
Cazador Dips,0.1,0.05,11,49,36.7,0.28,54.8,72.8,68.4,199.0
Cazador Dips,0.1,0.06,11,46,43.5,0.72,134.0,279.9,167.5,187.0
Cazador Dips,0.1,0.08,11,43,44.2,-0.07,-12.3,-11.6,-15.4,174.0
Cazador Dips,0.1,0.1,11,38,47.4,-0.47,-72.6,-51.7,-90.7,154.0
Cazador Dips,0.12,0.03,11,53,18.9,-0.41,-88.3,-58.7,-110.4,215.0
Cazador Dips,0.12,0.04,11,49,22.4,-0.65,-128.7,-72.5,-160.9,199.0
Cazador Dips,0.12,0.05,11,47,23.4,-0.99,-188.0,-84.9,-235.0,191.0
Cazador Dips,0.12,0.06,11,44,29.5,-0.28,-50.6,-39.7,-63.2,178.0
Cazador Dips,0.12,0.08,11,40,27.5,-1.71,-276.7,-93.9,-345.9,162.0
Cazador Dips,0.12,0.1,11,35,31.4,-1.97,-280.2,-94.1,-350.3,142.0
Cazador Dips,0.15,0.03,11,52,17.3,-0.13,-26.8,-23.5,-33.5,211.0
Cazador Dips,0.15,0.04,11,48,20.8,-0.28,-55.0,-42.3,-68.7,195.0
Cazador Dips,0.15,0.05,11,46,21.7,-0.61,-114.3,-68.2,-142.9,187.0
Cazador Dips,0.15,0.06,11,42,23.8,-0.58,-98.2,-62.6,-122.7,170.0
Cazador Dips,0.15,0.08,11,36,19.4,-2.62,-382.8,-97.9,-478.5,146.0
Cazador Dips,0.15,0.1,11,30,23.3,-2.84,-345.3,-97.0,-431.7,122.0
Cazador Dips,0.2,0.03,11,51,9.8,-0.94,-194.4,-85.8,-243.0,207.0
Cazador Dips,0.2,0.04,11,47,12.8,-1.18,-225.1,-89.6,-281.3,191.0
Cazador Dips,0.2,0.05,11,44,13.6,-1.54,-275.0,-93.7,-343.8,178.0
Cazador Dips,0.2,0.06,11,39,15.4,-1.53,-241.5,-91.2,-301.9,158.0
Cazador Dips,0.2,0.08,11,35,14.3,-2.94,-417.8,-98.6,-522.3,142.0
Cazador Dips,0.2,0.1,11,30,13.3,-4.47,-543.8,-99.6,-679.7,122.0
Cazador Dips,0.05,0.03,15,82,42.7,0.18,58.7,79.7,73.3,333.0
Cazador Dips,0.05,0.04,15,77,46.8,-0.03,-8.8,-8.5,-11.1,312.0
Cazador Dips,0.05,0.05,15,74,52.7,0.04,10.6,11.1,13.2,300.0
Cazador Dips,0.05,0.06,15,70,60.0,0.36,103.0,179.6,128.8,284.0
Cazador Dips,0.05,0.08,15,64,64.1,0.08,21.7,24.2,27.1,260.0
Cazador Dips,0.05,0.1,15,61,70.5,0.33,81.1,124.7,101.4,247.0
Cazador Dips,0.08,0.03,15,80,31.2,0.2,64.8,91.0,81.0,324.0
Cazador Dips,0.08,0.04,15,74,36.5,0.14,42.1,52.3,52.6,300.0
Cazador Dips,0.08,0.05,15,69,40.6,0.04,11.2,11.9,14.0,280.0
Cazador Dips,0.08,0.06,15,65,49.2,0.65,172.3,456.7,215.3,264.0
Cazador Dips,0.08,0.08,15,60,53.3,0.29,70.4,102.0,88.0,243.0
Cazador Dips,0.08,0.1,15,57,61.4,0.81,186.6,541.2,233.2,231.0
Cazador Dips,0.1,0.03,15,77,26.0,0.14,43.1,53.9,53.9,312.0
Cazador Dips,0.1,0.04,15,71,29.6,-0.1,-28.2,-24.6,-35.3,288.0
Cazador Dips,0.1,0.05,15,66,33.3,-0.24,-63.2,-46.9,-79.0,268.0
Cazador Dips,0.1,0.06,15,62,41.9,0.47,118.2,225.1,147.7,251.0
Cazador Dips,0.1,0.08,15,56,46.4,0.12,26.6,30.4,33.2,227.0
Cazador Dips,0.1,0.1,15,50,54.0,0.65,131.3,270.3,164.2,203.0
Cazador Dips,0.12,0.03,15,73,20.5,-0.16,-46.1,-37.0,-57.7,296.0
Cazador Dips,0.12,0.04,15,67,23.9,-0.42,-113.4,-67.9,-141.8,272.0
Cazador Dips,0.12,0.05,15,62,27.4,-0.57,-144.3,-76.5,-180.4,251.0
Cazador Dips,0.12,0.06,15,56,32.1,-0.3,-67.0,-48.9,-83.8,227.0
Cazador Dips,0.12,0.08,15,51,31.4,-1.76,-363.6,-97.4,-454.5,207.0
Cazador Dips,0.12,0.1,15,45,37.8,-1.34,-244.6,-91.5,-305.8,182.0
Cazador Dips,0.15,0.03,15,72,18.1,0.01,3.3,3.3,4.1,292.0
Cazador Dips,0.15,0.04,15,66,19.7,-0.5,-133.0,-73.6,-166.2,268.0
Cazador Dips,0.15,0.05,15,61,24.6,-0.32,-78.7,-54.5,-98.4,247.0
Cazador Dips,0.15,0.06,15,54,27.8,-0.25,-53.8,-41.6,-67.2,219.0
Cazador Dips,0.15,0.08,15,49,26.5,-1.92,-381.9,-97.9,-477.4,199.0
Cazador Dips,0.15,0.1,15,41,31.7,-1.68,-278.6,-94.0,-348.2,166.0
Cazador Dips,0.2,0.03,15,69,14.5,0.1,27.0,31.0,33.8,280.0
Cazador Dips,0.2,0.04,15,64,15.6,-0.49,-126.7,-71.9,-158.3,260.0
Cazador Dips,0.2,0.05,15,58,20.7,-0.06,-14.4,-13.4,-18.0,235.0
Cazador Dips,0.2,0.06,15,50,24.0,0.18,36.0,43.3,45.0,203.0
Cazador Dips,0.2,0.08,15,46,21.7,-1.92,-358.8,-97.3,-448.5,187.0
Cazador Dips,0.2,0.1,15,38,23.7,-2.45,-377.1,-97.8,-471.4,154.0
Cazador Dips,0.05,0.03,21,131,37.4,-0.24,-128.1,-72.3,-160.1,531.0
Cazador Dips,0.05,0.04,21,118,39.8,-0.65,-310.0,-95.5,-387.5,479.0
Cazador Dips,0.05,0.05,21,108,40.7,-1.16,-509.6,-99.4,-637.0,438.0
Cazador Dips,0.05,0.06,21,96,49.0,-0.85,-332.5,-96.5,-415.6,389.0
Cazador Dips,0.05,0.08,21,89,58.4,-0.65,-234.2,-90.5,-292.7,361.0
Cazador Dips,0.05,0.1,21,82,63.4,-0.74,-246.0,-91.5,-307.5,333.0
Cazador Dips,0.08,0.03,21,130,27.7,-0.19,-98.9,-62.8,-123.6,527.0
Cazador Dips,0.08,0.04,21,117,31.6,-0.44,-207.7,-87.5,-259.7,474.0
Cazador Dips,0.08,0.05,21,104,28.8,-1.49,-626.7,-99.8,-783.4,422.0
Cazador Dips,0.08,0.06,21,94,38.3,-0.88,-334.0,-96.5,-417.5,381.0
Cazador Dips,0.08,0.08,21,87,46.0,-0.88,-311.7,-95.6,-389.7,353.0
Cazador Dips,0.08,0.1,21,78,53.8,-0.48,-150.3,-77.8,-187.9,316.0
Cazador Dips,0.1,0.03,21,127,24.4,-0.06,-30.3,-26.2,-37.9,515.0
Cazador Dips,0.1,0.04,21,113,27.4,-0.39,-178.5,-83.3,-223.2,458.0
Cazador Dips,0.1,0.05,21,101,25.7,-1.37,-562.3,-99.7,-702.8,410.0
Cazador Dips,0.1,0.06,21,91,35.2,-0.61,-224.9,-89.5,-281.1,369.0
Cazador Dips,0.1,0.08,21,83,41.0,-0.86,-290.6,-94.6,-363.3,337.0
Cazador Dips,0.1,0.1,21,73,50.7,-0.02,-6.4,-6.2,-7.9,296.0
Cazador Dips,0.12,0.03,21,122,17.2,-0.65,-322.2,-96.1,-402.8,495.0
Cazador Dips,0.12,0.04,21,108,20.4,-0.97,-425.8,-98.6,-532.3,438.0
Cazador Dips,0.12,0.05,21,97,19.6,-1.9,-749.0,-99.9,-936.2,393.0
Cazador Dips,0.12,0.06,21,87,28.7,-1.06,-375.0,-97.7,-468.7,353.0
Cazador Dips,0.12,0.08,21,76,31.6,-1.92,-592.2,-99.7,-740.3,308.0
Cazador Dips,0.12,0.1,21,65,41.5,-1.01,-266.2,-93.1,-332.7,264.0
Cazador Dips,0.15,0.03,21,120,15.8,-0.38,-187.1,-84.7,-233.9,487.0
Cazador Dips,0.15,0.04,21,105,18.1,-0.8,-339.2,-96.7,-424.0,426.0
Cazador Dips,0.15,0.05,21,96,18.8,-1.48,-577.9,-99.7,-722.4,389.0
Cazador Dips,0.15,0.06,21,85,24.7,-1.05,-361.7,-97.4,-452.2,345.0
Cazador Dips,0.15,0.08,21,74,25.7,-2.33,-700.7,-99.9,-875.9,300.0
Cazador Dips,0.15,0.1,21,61,34.4,-1.54,-382.2,-97.9,-477.7,247.0
Cazador Dips,0.2,0.03,21,112,10.7,-0.77,-350.0,-97.0,-437.4,454.0
Cazador Dips,0.2,0.04,21,98,12.2,-1.3,-515.4,-99.4,-644.3,397.0
Cazador Dips,0.2,0.05,21,89,13.5,-1.86,-673.0,-99.9,-841.3,361.0
Cazador Dips,0.2,0.06,21,77,18.2,-1.51,-471.7,-99.1,-589.6,312.0
Cazador Dips,0.2,0.08,21,68,19.1,-2.89,-796.5,-100.0,-995.7,276.0
Cazador Dips,0.2,0.1,21,55,25.5,-2.51,-559.1,-99.7,-698.9,223.0
Cazador Dips,0.05,0.03,30,158,34.2,-0.5,-323.4,-96.1,-404.3,641.0
Cazador Dips,0.05,0.04,30,143,37.8,-0.84,-486.4,-99.2,-608.0,580.0
Cazador Dips,0.05,0.05,30,126,38.9,-1.35,-690.1,-99.9,-862.7,511.0
Cazador Dips,0.05,0.06,30,115,45.2,-1.26,-589.8,-99.7,-737.2,466.0
Cazador Dips,0.05,0.08,30,104,52.9,-1.37,-578.0,-99.7,-722.5,422.0
Cazador Dips,0.05,0.1,30,95,56.8,-1.72,-663.3,-99.9,-829.2,385.0
Cazador Dips,0.08,0.03,30,152,23.0,-0.71,-434.8,-98.7,-543.6,616.0
Cazador Dips,0.08,0.04,30,138,28.3,-0.85,-473.3,-99.1,-591.7,560.0
Cazador Dips,0.08,0.05,30,118,25.4,-1.93,-924.9,-100.0,-1156.1,479.0
Cazador Dips,0.08,0.06,30,110,32.7,-1.65,-738.2,-99.9,-922.7,446.0
Cazador Dips,0.08,0.08,30,98,39.8,-1.88,-745.4,-99.9,-931.7,397.0
Cazador Dips,0.08,0.1,30,88,47.7,-1.65,-590.3,-99.7,-737.9,357.0
Cazador Dips,0.1,0.03,30,147,19.7,-0.67,-400.4,-98.2,-500.5,596.0
Cazador Dips,0.1,0.04,30,132,23.5,-0.95,-506.6,-99.4,-633.2,535.0
Cazador Dips,0.1,0.05,30,114,21.9,-1.95,-899.7,-100.0,-1124.7,462.0
Cazador Dips,0.1,0.06,30,106,28.3,-1.71,-733.3,-99.9,-916.7,430.0
Cazador Dips,0.1,0.08,30,91,35.2,-1.91,-704.4,-99.9,-880.5,369.0
Cazador Dips,0.1,0.1,30,81,43.2,-1.6,-525.0,-99.5,-656.3,328.0
Cazador Dips,0.12,0.03,30,143,16.1,-0.82,-477.2,-99.2,-596.6,580.0
Cazador Dips,0.12,0.04,30,127,19.7,-1.08,-557.9,-99.6,-697.4,515.0
Cazador Dips,0.12,0.05,30,112,19.6,-1.9,-860.8,-100.0,-1076.0,454.0
Cazador Dips,0.12,0.06,30,104,24.0,-1.91,-803.9,-100.0,-1004.9,422.0
Cazador Dips,0.12,0.08,30,86,27.9,-2.66,-927.0,-100.0,-1158.8,349.0
Cazador Dips,0.12,0.1,30,74,35.1,-2.51,-753.3,-100.0,-941.6,300.0
Cazador Dips,0.15,0.03,30,142,14.8,-0.57,-330.5,-96.4,-413.1,576.0
Cazador Dips,0.15,0.04,30,125,16.8,-1.04,-528.6,-99.5,-660.7,507.0
Cazador Dips,0.15,0.05,30,110,17.3,-1.78,-795.0,-100.0,-993.7,446.0
Cazador Dips,0.15,0.06,30,101,19.8,-2.08,-851.3,-100.0,-1064.1,410.0
Cazador Dips,0.15,0.08,30,83,22.9,-2.98,-1002.5,-100.0,-1253.1,337.0
Cazador Dips,0.15,0.1,30,69,29.0,-3.0,-840.5,-100.0,-1050.6,280.0
Cazador Dips,0.2,0.03,30,133,9.0,-1.16,-625.6,-99.8,-782.0,539.0
Cazador Dips,0.2,0.04,30,117,10.3,-1.77,-841.1,-100.0,-1051.4,474.0
Cazador Dips,0.2,0.05,30,102,10.8,-2.54,-1050.7,-100.0,-1313.4,414.0
Cazador Dips,0.2,0.06,30,93,12.9,-2.88,-1086.7,-100.0,-1358.4,377.0
Cazador Dips,0.2,0.08,30,76,17.1,-3.45,-1063.8,-100.0,-1329.7,308.0
Cazador Dips,0.2,0.1,30,65,20.0,-4.25,-1120.4,-100.0,-1400.5,264.0
Cazador Dips,0.05,0.03,45,182,33.5,-0.55,-404.1,-98.3,-505.1,738.0
Cazador Dips,0.05,0.04,45,162,37.7,-0.84,-552.2,-99.6,-690.3,657.0
Cazador Dips,0.05,0.05,45,144,40.3,-1.2,-703.0,-99.9,-878.8,584.0
Cazador Dips,0.05,0.06,45,136,45.6,-1.22,-671.2,-99.9,-838.9,552.0
Cazador Dips,0.05,0.08,45,116,55.2,-1.07,-502.7,-99.4,-628.4,470.0
Cazador Dips,0.05,0.1,45,104,57.7,-1.59,-671.7,-99.9,-839.7,422.0
Cazador Dips,0.08,0.03,45,175,24.6,-0.53,-373.3,-97.6,-466.6,710.0
Cazador Dips,0.08,0.04,45,157,29.3,-0.71,-454.9,-99.0,-568.6,637.0
Cazador Dips,0.08,0.05,45,137,31.4,-1.15,-639.0,-99.8,-798.7,556.0
Cazador Dips,0.08,0.06,45,126,36.5,-1.12,-572.0,-99.7,-715.0,511.0
Cazador Dips,0.08,0.08,45,108,44.4,-1.13,-493.9,-99.3,-617.3,438.0
Cazador Dips,0.08,0.1,45,97,51.5,-0.97,-381.1,-97.8,-476.4,393.0
Cazador Dips,0.1,0.03,45,169,22.5,-0.31,-209.1,-87.7,-261.4,685.0
Cazador Dips,0.1,0.04,45,150,25.3,-0.68,-415.2,-98.4,-519.0,608.0
Cazador Dips,0.1,0.05,45,127,27.6,-1.1,-565.5,-99.7,-706.9,515.0
Cazador Dips,0.1,0.06,45,117,32.5,-1.03,-490.7,-99.3,-613.3,474.0
Cazador Dips,0.1,0.08,45,99,40.4,-0.96,-387.1,-98.0,-483.9,402.0
Cazador Dips,0.1,0.1,45,88,46.6,-0.92,-329.3,-96.3,-411.6,357.0
Cazador Dips,0.12,0.03,45,163,18.4,-0.47,-308.7,-95.5,-385.9,661.0
Cazador Dips,0.12,0.04,45,144,21.5,-0.78,-457.0,-99.0,-571.3,584.0
Cazador Dips,0.12,0.05,45,123,24.4,-1.08,-541.0,-99.6,-676.3,499.0
Cazador Dips,0.12,0.06,45,111,27.9,-1.2,-540.8,-99.6,-676.0,450.0
Cazador Dips,0.12,0.08,45,91,31.9,-1.87,-688.8,-99.9,-861.0,369.0
Cazador Dips,0.12,0.1,45,82,37.8,-1.93,-640.4,-99.8,-800.5,333.0
Cazador Dips,0.15,0.03,45,160,16.2,-0.3,-196.2,-86.0,-245.2,649.0
Cazador Dips,0.15,0.04,45,141,17.7,-0.86,-491.5,-99.3,-614.4,572.0
Cazador Dips,0.15,0.05,45,119,21.8,-0.86,-415.5,-98.5,-519.4,483.0
Cazador Dips,0.15,0.06,45,104,23.1,-1.38,-583.2,-99.7,-729.0,422.0
Cazador Dips,0.15,0.08,45,88,27.3,-1.97,-702.4,-99.9,-878.0,357.0
Cazador Dips,0.15,0.1,45,78,33.3,-1.91,-605.0,-99.8,-756.2,316.0
Cazador Dips,0.2,0.03,45,151,11.3,-0.64,-390.9,-98.0,-488.6,612.0
Cazador Dips,0.2,0.04,45,133,12.0,-1.34,-723.9,-99.9,-904.9,539.0
Cazador Dips,0.2,0.05,45,110,15.5,-1.37,-610.2,-99.8,-762.8,446.0
Cazador Dips,0.2,0.06,45,95,15.8,-2.12,-818.5,-100.0,-1023.1,385.0
Cazador Dips,0.2,0.08,45,79,20.3,-2.57,-823.7,-100.0,-1029.6,320.0
Cazador Dips,0.2,0.1,45,72,26.4,-2.33,-680.7,-99.9,-850.8,292.0
Recup. Rapida,0.05,0.03,5,4,25.0,-1.16,-18.8,-17.2,-23.5,16.0
Recup. Rapida,0.05,0.04,5,4,25.0,-1.91,-31.0,-26.9,-38.7,16.0
Recup. Rapida,0.05,0.05,5,4,25.0,-2.66,-43.1,-35.4,-53.9,16.0
Recup. Rapida,0.05,0.06,5,4,25.0,-3.41,-55.3,-43.0,-69.1,16.0
Recup. Rapida,0.05,0.08,5,3,33.3,-3.86,-47.0,-38.1,-58.7,12.0
Recup. Rapida,0.05,0.1,5,3,33.3,-5.19,-63.2,-47.7,-79.0,12.0
Recup. Rapida,0.08,0.03,5,4,25.0,-0.41,-6.6,-6.4,-8.3,16.0
Recup. Rapida,0.08,0.04,5,4,25.0,-1.16,-18.8,-17.2,-23.5,16.0
Recup. Rapida,0.08,0.05,5,4,25.0,-1.91,-31.0,-26.9,-38.7,16.0
Recup. Rapida,0.08,0.06,5,4,25.0,-2.66,-43.1,-35.4,-53.9,16.0
Recup. Rapida,0.08,0.08,5,3,33.3,-2.86,-34.8,-29.7,-43.5,12.0
Recup. Rapida,0.08,0.1,5,3,33.3,-4.19,-51.0,-40.6,-63.8,12.0
Recup. Rapida,0.1,0.03,5,4,25.0,0.09,1.5,1.5,1.8,16.0
Recup. Rapida,0.1,0.04,5,4,25.0,-0.66,-10.7,-10.2,-13.4,16.0
Recup. Rapida,0.1,0.05,5,4,25.0,-1.41,-22.9,-20.6,-28.6,16.0
Recup. Rapida,0.1,0.06,5,4,25.0,-2.16,-35.0,-29.8,-43.8,16.0
Recup. Rapida,0.1,0.08,5,3,33.3,-2.19,-26.7,-23.6,-33.4,12.0
Recup. Rapida,0.1,0.1,5,3,33.3,-3.53,-42.9,-35.4,-53.6,12.0
Recup. Rapida,0.12,0.03,5,4,25.0,0.59,9.6,10.0,12.0,16.0
Recup. Rapida,0.12,0.04,5,4,25.0,-0.16,-2.6,-2.5,-3.2,16.0
Recup. Rapida,0.12,0.05,5,4,25.0,-0.91,-14.7,-13.8,-18.4,16.0
Recup. Rapida,0.12,0.06,5,4,25.0,-1.66,-26.9,-23.8,-33.6,16.0
Recup. Rapida,0.12,0.08,5,3,33.3,-1.53,-18.6,-17.1,-23.2,12.0
Recup. Rapida,0.12,0.1,5,3,33.3,-2.86,-34.8,-29.7,-43.5,12.0
Recup. Rapida,0.15,0.03,5,4,25.0,1.34,21.8,24.1,27.2,16.0
Recup. Rapida,0.15,0.04,5,4,25.0,0.59,9.6,10.0,12.0,16.0
Recup. Rapida,0.15,0.05,5,4,25.0,-0.16,-2.6,-2.5,-3.2,16.0
Recup. Rapida,0.15,0.06,5,4,25.0,-0.91,-14.7,-13.8,-18.4,16.0
Recup. Rapida,0.15,0.08,5,3,33.3,-0.53,-6.4,-6.2,-8.0,12.0
Recup. Rapida,0.15,0.1,5,3,33.3,-1.86,-22.6,-20.4,-28.3,12.0
Recup. Rapida,0.2,0.03,5,4,25.0,2.59,42.0,51.4,52.5,16.0
Recup. Rapida,0.2,0.04,5,4,25.0,1.84,29.9,34.4,37.3,16.0
Recup. Rapida,0.2,0.05,5,4,25.0,1.09,17.7,19.2,22.1,16.0
Recup. Rapida,0.2,0.06,5,4,25.0,0.34,5.5,5.7,6.9,16.0
Recup. Rapida,0.2,0.08,5,3,33.3,1.14,13.9,14.8,17.3,12.0
Recup. Rapida,0.2,0.1,5,3,33.3,-0.19,-2.3,-2.3,-2.9,12.0
Recup. Rapida,0.05,0.03,7,7,28.6,-0.86,-24.4,-21.7,-30.5,28.0
Recup. Rapida,0.05,0.04,7,7,28.6,-1.57,-44.7,-36.2,-55.8,28.0
Recup. Rapida,0.05,0.05,7,7,28.6,-2.29,-64.9,-48.2,-81.2,28.0
Recup. Rapida,0.05,0.06,7,7,28.6,-3.0,-85.2,-57.9,-106.5,28.0
Recup. Rapida,0.05,0.08,7,7,28.6,-4.43,-125.8,-72.4,-157.2,28.0
Recup. Rapida,0.05,0.1,7,7,28.6,-5.86,-166.3,-82.0,-207.9,28.0
Recup. Rapida,0.08,0.03,7,7,28.6,-0.0,-0.0,-0.0,-0.1,28.0
Recup. Rapida,0.08,0.04,7,7,28.6,-0.72,-20.3,-18.5,-25.4,28.0
Recup. Rapida,0.08,0.05,7,7,28.6,-1.43,-40.6,-33.6,-50.8,28.0
Recup. Rapida,0.08,0.06,7,7,28.6,-2.14,-60.9,-46.0,-76.1,28.0
Recup. Rapida,0.08,0.08,7,7,28.6,-3.57,-101.4,-64.4,-126.8,28.0
Recup. Rapida,0.08,0.1,7,7,28.6,-5.0,-142.0,-76.7,-177.5,28.0
Recup. Rapida,0.1,0.03,7,7,28.6,0.57,16.2,17.5,20.2,28.0
Recup. Rapida,0.1,0.04,7,7,28.6,-0.14,-4.1,-4.0,-5.1,28.0
Recup. Rapida,0.1,0.05,7,7,28.6,-0.86,-24.4,-21.7,-30.5,28.0
Recup. Rapida,0.1,0.06,7,7,28.6,-1.57,-44.7,-36.2,-55.8,28.0
Recup. Rapida,0.1,0.08,7,7,28.6,-3.0,-85.2,-57.9,-106.5,28.0
Recup. Rapida,0.1,0.1,7,7,28.6,-4.43,-125.8,-72.4,-157.2,28.0
Recup. Rapida,0.12,0.03,7,7,28.6,1.14,32.4,38.0,40.5,28.0
Recup. Rapida,0.12,0.04,7,7,28.6,0.43,12.1,12.9,15.1,28.0
Recup. Rapida,0.12,0.05,7,7,28.6,-0.29,-8.2,-7.8,-10.2,28.0
Recup. Rapida,0.12,0.06,7,7,28.6,-1.0,-28.4,-24.9,-35.5,28.0
Recup. Rapida,0.12,0.08,7,7,28.6,-2.43,-69.0,-50.3,-86.2,28.0
Recup. Rapida,0.12,0.1,7,7,28.6,-3.86,-109.5,-67.3,-136.9,28.0
Recup. Rapida,0.15,0.03,7,7,28.6,2.0,56.7,75.4,70.9,28.0
Recup. Rapida,0.15,0.04,7,7,28.6,1.28,36.5,43.6,45.6,28.0
Recup. Rapida,0.15,0.05,7,7,28.6,0.57,16.2,17.5,20.2,28.0
Recup. Rapida,0.15,0.06,7,7,28.6,-0.14,-4.1,-4.0,-5.1,28.0
Recup. Rapida,0.15,0.08,7,7,28.6,-1.57,-44.7,-36.2,-55.8,28.0
Recup. Rapida,0.15,0.1,7,7,28.6,-3.0,-85.2,-57.9,-106.5,28.0
Recup. Rapida,0.2,0.03,7,7,14.3,0.52,14.7,15.8,18.4,28.0
Recup. Rapida,0.2,0.04,7,7,14.3,-0.2,-5.6,-5.4,-7.0,28.0
Recup. Rapida,0.2,0.05,7,7,14.3,-0.91,-25.9,-22.9,-32.3,28.0
Recup. Rapida,0.2,0.06,7,7,14.3,-1.62,-46.1,-37.2,-57.7,28.0
Recup. Rapida,0.2,0.08,7,7,14.3,-3.05,-86.7,-58.5,-108.4,28.0
Recup. Rapida,0.2,0.1,7,7,14.3,-4.48,-127.2,-72.8,-159.1,28.0
Recup. Rapida,0.05,0.03,11,18,11.1,-2.24,-163.7,-80.9,-204.6,73.0
Recup. Rapida,0.05,0.04,11,18,11.1,-3.13,-228.6,-90.2,-285.7,73.0
Recup. Rapida,0.05,0.05,11,18,16.7,-3.46,-252.9,-92.4,-316.1,73.0
Recup. Rapida,0.05,0.06,11,18,16.7,-4.3,-313.7,-96.0,-392.2,73.0
Recup. Rapida,0.05,0.08,11,17,17.6,-5.84,-402.7,-98.4,-503.4,69.0
Recup. Rapida,0.05,0.1,11,17,17.6,-7.49,-516.3,-99.5,-645.4,69.0
Recup. Rapida,0.08,0.03,11,18,11.1,-1.91,-139.4,-75.5,-174.2,73.0
Recup. Rapida,0.08,0.04,11,18,11.1,-2.8,-204.2,-87.4,-255.3,73.0
Recup. Rapida,0.08,0.05,11,18,16.7,-2.96,-216.4,-88.9,-270.5,73.0
Recup. Rapida,0.08,0.06,11,18,16.7,-3.8,-277.2,-94.1,-346.6,73.0
Recup. Rapida,0.08,0.08,11,17,17.6,-5.31,-366.2,-97.7,-457.8,69.0
Recup. Rapida,0.08,0.1,11,17,17.6,-6.96,-479.8,-99.3,-599.7,69.0
Recup. Rapida,0.1,0.03,11,18,11.1,-1.69,-123.1,-71.1,-153.9,73.0
Recup. Rapida,0.1,0.04,11,18,11.1,-2.58,-188.0,-85.1,-235.0,73.0
Recup. Rapida,0.1,0.05,11,18,16.7,-2.63,-192.1,-85.7,-240.1,73.0
Recup. Rapida,0.1,0.06,11,18,16.7,-3.46,-252.9,-92.4,-316.1,73.0
Recup. Rapida,0.1,0.08,11,17,17.6,-4.96,-341.9,-97.0,-427.4,69.0
Recup. Rapida,0.1,0.1,11,17,17.6,-6.61,-455.5,-99.1,-569.3,69.0
Recup. Rapida,0.12,0.03,11,18,11.1,-1.46,-106.9,-65.9,-133.6,73.0
Recup. Rapida,0.12,0.04,11,18,11.1,-2.35,-171.8,-82.4,-214.7,73.0
Recup. Rapida,0.12,0.05,11,18,16.7,-2.3,-167.7,-81.7,-209.7,73.0
Recup. Rapida,0.12,0.06,11,18,16.7,-3.13,-228.6,-90.2,-285.7,73.0
Recup. Rapida,0.12,0.08,11,17,17.6,-4.61,-317.6,-96.1,-397.0,69.0
Recup. Rapida,0.12,0.1,11,17,17.6,-6.25,-431.1,-98.8,-538.9,69.0
Recup. Rapida,0.15,0.03,11,18,11.1,-1.13,-82.6,-56.4,-103.2,73.0
Recup. Rapida,0.15,0.04,11,18,11.1,-2.02,-147.5,-77.5,-184.3,73.0
Recup. Rapida,0.15,0.05,11,18,16.7,-1.8,-131.2,-73.4,-164.1,73.0
Recup. Rapida,0.15,0.06,11,18,16.7,-2.63,-192.1,-85.7,-240.1,73.0
Recup. Rapida,0.15,0.08,11,17,17.6,-4.08,-281.1,-94.3,-351.3,69.0
Recup. Rapida,0.15,0.1,11,17,17.6,-5.72,-394.6,-98.3,-493.3,69.0
Recup. Rapida,0.2,0.03,11,18,11.1,-0.58,-42.0,-34.4,-52.5,73.0
Recup. Rapida,0.2,0.04,11,18,11.1,-1.46,-106.9,-65.9,-133.6,73.0
Recup. Rapida,0.2,0.05,11,18,16.7,-0.96,-70.4,-50.7,-88.0,73.0
Recup. Rapida,0.2,0.06,11,18,16.7,-1.8,-131.2,-73.4,-164.1,73.0
Recup. Rapida,0.2,0.08,11,17,17.6,-3.19,-220.2,-89.3,-275.3,69.0
Recup. Rapida,0.2,0.1,11,17,17.6,-4.84,-333.8,-96.7,-417.2,69.0
Recup. Rapida,0.05,0.03,15,19,15.8,-1.86,-143.7,-76.5,-179.6,77.0
Recup. Rapida,0.05,0.04,15,19,15.8,-2.71,-208.6,-87.9,-260.7,77.0
Recup. Rapida,0.05,0.05,15,19,21.1,-3.02,-232.9,-90.6,-291.1,77.0
Recup. Rapida,0.05,0.06,15,19,21.1,-3.81,-293.7,-95.0,-367.1,77.0
Recup. Rapida,0.05,0.08,15,18,22.2,-5.24,-382.7,-98.0,-478.4,73.0
Recup. Rapida,0.05,0.1,15,18,22.2,-6.8,-496.3,-99.4,-620.3,73.0
Recup. Rapida,0.08,0.03,15,19,15.8,-1.39,-107.2,-66.0,-134.0,77.0
Recup. Rapida,0.08,0.04,15,19,15.8,-2.23,-172.1,-82.4,-215.1,77.0
Recup. Rapida,0.08,0.05,15,19,21.1,-2.39,-184.2,-84.5,-230.3,77.0
Recup. Rapida,0.08,0.06,15,19,21.1,-3.18,-245.1,-91.7,-306.3,77.0
Recup. Rapida,0.08,0.08,15,18,22.2,-4.58,-334.0,-96.7,-417.6,73.0
Recup. Rapida,0.08,0.1,15,18,22.2,-6.13,-447.6,-99.0,-559.5,73.0
Recup. Rapida,0.1,0.03,15,19,15.8,-1.07,-82.8,-56.5,-103.5,77.0
Recup. Rapida,0.1,0.04,15,19,15.8,-1.92,-147.7,-77.5,-184.6,77.0
Recup. Rapida,0.1,0.05,15,19,21.1,-1.97,-151.8,-78.4,-189.7,77.0
Recup. Rapida,0.1,0.06,15,19,21.1,-2.76,-212.6,-88.4,-265.8,77.0
Recup. Rapida,0.1,0.08,15,18,22.2,-4.13,-301.6,-95.4,-377.0,73.0
Recup. Rapida,0.1,0.1,15,18,22.2,-5.69,-415.2,-98.6,-518.9,73.0
Recup. Rapida,0.12,0.03,15,19,10.5,-1.55,-119.3,-70.0,-149.2,77.0
Recup. Rapida,0.12,0.04,15,19,10.5,-2.44,-188.3,-85.1,-235.3,77.0
Recup. Rapida,0.12,0.05,15,19,15.8,-2.44,-188.3,-85.1,-235.3,77.0
Recup. Rapida,0.12,0.06,15,19,15.8,-3.29,-253.2,-92.4,-316.5,77.0
Recup. Rapida,0.12,0.08,15,18,16.7,-4.8,-350.3,-97.2,-437.8,73.0
Recup. Rapida,0.12,0.1,15,18,16.7,-6.46,-471.9,-99.2,-589.9,73.0
Recup. Rapida,0.15,0.03,15,19,10.5,-1.23,-95.0,-61.6,-118.7,77.0
Recup. Rapida,0.15,0.04,15,19,10.5,-2.13,-163.9,-80.9,-204.9,77.0
Recup. Rapida,0.15,0.05,15,19,15.8,-1.97,-151.8,-78.4,-189.7,77.0
Recup. Rapida,0.15,0.06,15,19,15.8,-2.81,-216.7,-88.9,-270.8,77.0
Recup. Rapida,0.15,0.08,15,18,16.7,-4.3,-313.8,-96.0,-392.2,73.0
Recup. Rapida,0.15,0.1,15,18,16.7,-5.96,-435.4,-98.9,-544.3,73.0
Recup. Rapida,0.2,0.03,15,19,10.5,-0.71,-54.4,-42.1,-68.0,77.0
Recup. Rapida,0.2,0.04,15,19,10.5,-1.6,-123.4,-71.2,-154.2,77.0
Recup. Rapida,0.2,0.05,15,19,15.8,-1.18,-90.9,-59.9,-113.7,77.0
Recup. Rapida,0.2,0.06,15,19,15.8,-2.02,-155.8,-79.3,-194.8,77.0
Recup. Rapida,0.2,0.08,15,18,16.7,-3.46,-252.9,-92.4,-316.2,73.0
Recup. Rapida,0.2,0.1,15,18,16.7,-5.13,-374.6,-97.9,-468.2,73.0
Recup. Rapida,0.05,0.03,21,19,21.1,-1.44,-110.7,-67.2,-138.3,77.0
Recup. Rapida,0.05,0.04,21,18,22.2,-2.12,-155.1,-79.1,-193.8,73.0
Recup. Rapida,0.05,0.05,21,18,27.8,-2.35,-171.3,-82.3,-214.1,73.0
Recup. Rapida,0.05,0.06,21,18,27.8,-3.07,-224.0,-89.7,-280.0,73.0
Recup. Rapida,0.05,0.08,21,17,29.4,-4.3,-296.8,-95.2,-371.0,69.0
Recup. Rapida,0.05,0.1,21,17,29.4,-5.72,-394.1,-98.3,-492.6,69.0
Recup. Rapida,0.08,0.03,21,19,21.1,-0.8,-62.0,-46.3,-77.5,77.0
Recup. Rapida,0.08,0.04,21,18,22.2,-1.46,-106.4,-65.8,-133.0,73.0
Recup. Rapida,0.08,0.05,21,18,27.8,-1.51,-110.4,-67.1,-138.1,73.0
Recup. Rapida,0.08,0.06,21,18,27.8,-2.24,-163.2,-80.8,-204.0,73.0
Recup. Rapida,0.08,0.08,21,17,29.4,-3.42,-235.9,-90.9,-294.9,69.0
Recup. Rapida,0.08,0.1,21,17,29.4,-4.83,-333.3,-96.7,-416.6,69.0
Recup. Rapida,0.1,0.03,21,19,21.1,-0.38,-29.6,-25.6,-36.9,77.0
Recup. Rapida,0.1,0.04,21,18,22.2,-1.01,-73.9,-52.4,-92.4,73.0
Recup. Rapida,0.1,0.05,21,18,27.8,-0.96,-69.9,-50.5,-87.4,73.0
Recup. Rapida,0.1,0.06,21,18,27.8,-1.68,-122.6,-71.0,-153.3,73.0
Recup. Rapida,0.1,0.08,21,17,29.4,-2.83,-195.4,-86.2,-244.2,69.0
Recup. Rapida,0.1,0.1,21,17,29.4,-4.25,-292.7,-95.0,-365.9,69.0
Recup. Rapida,0.12,0.03,21,19,21.1,0.04,2.9,2.9,3.6,77.0
Recup. Rapida,0.12,0.04,21,18,22.2,-0.57,-41.5,-34.0,-51.9,73.0
Recup. Rapida,0.12,0.05,21,18,27.8,-0.4,-29.3,-25.5,-36.7,73.0
Recup. Rapida,0.12,0.06,21,18,27.8,-1.12,-82.1,-56.2,-102.6,73.0
Recup. Rapida,0.12,0.08,21,17,29.4,-2.25,-154.8,-79.1,-193.5,69.0
Recup. Rapida,0.12,0.1,21,17,29.4,-3.66,-252.2,-92.3,-315.2,69.0
Recup. Rapida,0.15,0.03,21,19,15.8,-0.28,-21.4,-19.3,-26.8,77.0
Recup. Rapida,0.15,0.04,21,18,16.7,-0.96,-69.9,-50.5,-87.4,73.0
Recup. Rapida,0.15,0.05,21,18,22.2,-0.68,-49.6,-39.2,-62.0,73.0
Recup. Rapida,0.15,0.06,21,18,22.2,-1.46,-106.4,-65.8,-133.0,73.0
Recup. Rapida,0.15,0.08,21,17,23.5,-2.72,-187.3,-85.0,-234.1,69.0
Recup. Rapida,0.15,0.1,21,17,23.5,-4.25,-292.7,-95.0,-365.9,69.0
Recup. Rapida,0.2,0.03,21,19,15.8,0.51,39.4,48.1,49.2,77.0
Recup. Rapida,0.2,0.04,21,18,16.7,-0.12,-9.1,-8.7,-11.3,73.0
Recup. Rapida,0.2,0.05,21,18,22.2,0.43,31.5,36.9,39.4,73.0
Recup. Rapida,0.2,0.06,21,18,22.2,-0.35,-25.3,-22.4,-31.6,73.0
Recup. Rapida,0.2,0.08,21,17,23.5,-1.54,-106.2,-65.7,-132.7,69.0
Recup. Rapida,0.2,0.1,21,17,23.5,-3.07,-211.6,-88.3,-264.5,69.0
Recup. Rapida,0.05,0.03,30,22,27.3,-0.93,-83.1,-56.6,-103.9,89.0
Recup. Rapida,0.05,0.04,30,20,40.0,-0.51,-41.2,-33.8,-51.5,81.0
Recup. Rapida,0.05,0.05,30,20,50.0,-0.11,-8.8,-8.4,-10.9,81.0
Recup. Rapida,0.05,0.06,30,20,50.0,-0.61,-49.3,-39.0,-61.6,81.0
Recup. Rapida,0.05,0.08,30,19,52.6,-1.27,-97.7,-62.6,-122.2,77.0
Recup. Rapida,0.05,0.1,30,19,52.6,-2.22,-170.7,-82.2,-213.4,77.0
Recup. Rapida,0.08,0.03,30,22,27.3,-0.11,-10.1,-9.6,-12.6,89.0
Recup. Rapida,0.08,0.04,30,20,40.0,0.69,56.1,75.0,70.2,81.0
Recup. Rapida,0.08,0.05,30,20,50.0,1.39,112.9,206.9,141.1,81.0
Recup. Rapida,0.08,0.06,30,20,50.0,0.89,72.4,105.5,90.4,81.0
Recup. Rapida,0.08,0.08,30,19,52.6,0.31,23.9,27.0,29.9,77.0
Recup. Rapida,0.08,0.1,30,19,52.6,-0.64,-49.1,-38.9,-61.3,77.0
Recup. Rapida,0.1,0.03,30,22,27.3,0.43,38.5,46.9,48.2,89.0
Recup. Rapida,0.1,0.04,30,20,40.0,1.49,121.0,232.4,151.3,81.0
Recup. Rapida,0.1,0.05,30,20,50.0,2.39,194.0,580.3,242.5,81.0
Recup. Rapida,0.1,0.06,30,20,50.0,1.89,153.5,357.4,191.8,81.0
Recup. Rapida,0.1,0.08,30,19,52.6,1.36,105.0,183.8,131.3,77.0
Recup. Rapida,0.1,0.1,30,19,52.6,0.42,32.0,37.7,40.0,77.0
Recup. Rapida,0.12,0.03,30,22,22.7,0.3,26.4,30.1,33.0,89.0
Recup. Rapida,0.12,0.04,30,20,35.0,1.49,121.0,232.4,151.3,81.0
Recup. Rapida,0.12,0.05,30,20,45.0,2.54,206.2,666.1,257.7,81.0
Recup. Rapida,0.12,0.06,30,20,45.0,1.99,161.6,395.3,202.0,81.0
Recup. Rapida,0.12,0.08,30,19,47.4,1.36,105.0,183.8,131.3,77.0
Recup. Rapida,0.12,0.1,30,19,47.4,0.31,23.9,27.0,29.9,77.0
Recup. Rapida,0.15,0.03,30,22,22.7,0.98,87.2,138.2,109.0,89.0
Recup. Rapida,0.15,0.04,30,20,35.0,2.54,206.2,666.1,257.7,81.0
Recup. Rapida,0.15,0.05,30,20,45.0,3.89,315.7,2113.2,394.6,81.0
Recup. Rapida,0.15,0.06,30,20,45.0,3.34,271.1,1338.9,338.8,81.0
Recup. Rapida,0.15,0.08,30,19,47.4,2.78,214.5,729.8,268.2,77.0
Recup. Rapida,0.15,0.1,30,19,47.4,1.73,133.4,275.4,166.8,77.0
Recup. Rapida,0.2,0.03,30,22,22.7,2.11,188.6,546.5,235.8,89.0
Recup. Rapida,0.2,0.04,30,20,35.0,4.29,348.1,2922.6,435.2,81.0
Recup. Rapida,0.2,0.05,30,20,45.0,6.14,498.2,12482.4,622.7,81.0
Recup. Rapida,0.2,0.06,30,20,45.0,5.59,453.6,8155.8,567.0,81.0
Recup. Rapida,0.2,0.08,30,19,47.4,5.15,397.0,4701.0,496.3,77.0
Recup. Rapida,0.2,0.1,30,19,47.4,4.1,315.9,2111.3,394.9,77.0
Recup. Rapida,0.05,0.03,45,27,14.8,-1.93,-211.6,-88.2,-264.5,110.0
Recup. Rapida,0.05,0.04,45,25,28.0,-1.59,-161.6,-80.4,-202.0,101.0
Recup. Rapida,0.05,0.05,45,25,40.0,-1.11,-112.9,-67.9,-141.2,101.0
Recup. Rapida,0.05,0.06,45,24,41.7,-1.53,-149.2,-77.8,-186.5,97.0
Recup. Rapida,0.05,0.08,45,24,45.8,-2.16,-210.0,-88.0,-262.5,97.0
Recup. Rapida,0.05,0.1,45,24,45.8,-3.24,-315.5,-96.0,-394.3,97.0
Recup. Rapida,0.08,0.03,45,27,14.8,-1.49,-163.0,-80.6,-203.7,110.0
Recup. Rapida,0.08,0.04,45,25,28.0,-0.75,-76.4,-53.6,-95.5,101.0
Recup. Rapida,0.08,0.05,45,25,40.0,0.09,8.7,9.1,10.9,101.0
Recup. Rapida,0.08,0.06,45,24,41.7,-0.28,-27.5,-24.1,-34.4,97.0
Recup. Rapida,0.08,0.08,45,24,45.8,-0.78,-76.2,-53.5,-95.2,97.0
Recup. Rapida,0.08,0.1,45,24,45.8,-1.87,-181.6,-84.0,-227.0,97.0
Recup. Rapida,0.1,0.03,45,27,14.8,-1.19,-130.5,-73.1,-163.1,110.0
Recup. Rapida,0.1,0.04,45,25,28.0,-0.19,-19.6,-17.9,-24.6,101.0
Recup. Rapida,0.1,0.05,45,24,37.5,0.51,49.5,63.8,61.9,97.0
Recup. Rapida,0.1,0.06,45,23,39.1,0.14,13.2,14.1,16.5,93.0
Recup. Rapida,0.1,0.08,45,22,40.9,-0.76,-67.4,-49.2,-84.3,89.0
Recup. Rapida,0.1,0.1,45,22,40.9,-1.94,-172.9,-82.5,-216.1,89.0
Recup. Rapida,0.12,0.03,45,27,14.8,-0.9,-98.1,-62.7,-122.6,110.0
Recup. Rapida,0.12,0.04,45,25,28.0,0.37,37.1,44.9,46.4,101.0
Recup. Rapida,0.12,0.05,45,24,37.5,1.26,122.5,237.8,153.1,97.0
Recup. Rapida,0.12,0.06,45,23,39.1,0.92,86.2,135.9,107.8,93.0
Recup. Rapida,0.12,0.08,45,22,40.9,0.06,5.6,5.7,7.0,89.0
Recup. Rapida,0.12,0.1,45,22,40.9,-1.12,-99.9,-63.4,-124.8,89.0
Recup. Rapida,0.15,0.03,45,27,11.1,-1.12,-122.4,-70.8,-153.0,110.0
Recup. Rapida,0.15,0.04,45,25,24.0,0.45,45.2,57.0,56.5,101.0
Recup. Rapida,0.15,0.05,45,24,33.3,1.55,150.9,347.0,188.6,97.0
Recup. Rapida,0.15,0.06,45,23,34.8,1.19,110.6,200.2,138.2,93.0
Recup. Rapida,0.15,0.08,45,22,36.4,0.24,21.8,24.3,27.3,89.0
Recup. Rapida,0.15,0.1,45,22,36.4,-1.03,-91.8,-60.2,-114.7,89.0
Recup. Rapida,0.2,0.03,45,27,11.1,-0.56,-61.6,-46.1,-77.0,110.0
Recup. Rapida,0.2,0.04,45,25,24.0,1.65,166.9,423.6,208.6,101.0
Recup. Rapida,0.2,0.05,45,24,33.3,3.22,313.1,2079.7,391.4,97.0
Recup. Rapida,0.2,0.06,45,23,34.8,2.92,272.8,1371.4,341.0,93.0
Recup. Rapida,0.2,0.08,45,22,36.4,2.06,184.0,518.1,230.0,89.0
Recup. Rapida,0.2,0.1,45,22,36.4,0.79,70.5,101.8,88.1,89.0
Cuchillos Cayendo,0.05,0.03,5,34,14.7,-1.94,-267.8,-93.3,-334.7,138.0
Cuchillos Cayendo,0.05,0.04,5,32,15.6,-2.68,-347.2,-97.0,-434.0,130.0
Cuchillos Cayendo,0.05,0.05,5,32,15.6,-3.49,-452.6,-99.0,-565.8,130.0
Cuchillos Cayendo,0.05,0.06,5,29,24.1,-3.33,-391.6,-98.1,-489.5,118.0
Cuchillos Cayendo,0.05,0.08,5,29,34.5,-3.16,-371.4,-97.7,-464.3,118.0
Cuchillos Cayendo,0.05,0.1,5,28,35.7,-3.67,-416.9,-98.6,-521.1,114.0
Cuchillos Cayendo,0.08,0.03,5,34,11.8,-1.82,-251.6,-92.1,-314.4,138.0
Cuchillos Cayendo,0.08,0.04,5,32,12.5,-2.58,-335.0,-96.6,-418.8,130.0
Cuchillos Cayendo,0.08,0.05,5,32,12.5,-3.37,-436.9,-98.8,-546.1,130.0
Cuchillos Cayendo,0.08,0.06,5,29,20.7,-2.99,-351.5,-97.2,-439.4,118.0
Cuchillos Cayendo,0.08,0.08,5,28,25.0,-3.25,-368.9,-97.6,-461.2,114.0
Cuchillos Cayendo,0.08,0.1,5,27,25.9,-3.78,-414.4,-98.5,-518.0,110.0
Cuchillos Cayendo,0.1,0.03,5,34,8.8,-1.84,-253.8,-92.3,-317.2,138.0
Cuchillos Cayendo,0.1,0.04,5,32,9.4,-2.6,-337.2,-96.7,-421.5,130.0
Cuchillos Cayendo,0.1,0.05,5,32,9.4,-3.38,-439.1,-98.9,-548.9,130.0
Cuchillos Cayendo,0.1,0.06,5,29,17.2,-2.87,-337.5,-96.7,-421.9,118.0
Cuchillos Cayendo,0.1,0.08,5,28,21.4,-3.05,-346.8,-97.0,-433.5,114.0
Cuchillos Cayendo,0.1,0.1,5,27,22.2,-3.58,-392.3,-98.2,-490.4,110.0
Cuchillos Cayendo,0.12,0.03,5,34,8.8,-1.66,-229.4,-90.1,-286.8,138.0
Cuchillos Cayendo,0.12,0.04,5,32,9.4,-2.41,-312.9,-95.8,-391.1,130.0
Cuchillos Cayendo,0.12,0.05,5,32,9.4,-3.2,-414.8,-98.5,-518.4,130.0
Cuchillos Cayendo,0.12,0.06,5,29,17.2,-2.52,-296.9,-95.1,-371.2,118.0
Cuchillos Cayendo,0.12,0.08,5,28,21.4,-2.63,-298.2,-95.1,-372.7,114.0
Cuchillos Cayendo,0.12,0.1,5,27,22.2,-3.14,-343.6,-97.0,-429.5,110.0
Cuchillos Cayendo,0.15,0.03,5,34,2.9,-2.23,-306.8,-95.5,-383.6,138.0
Cuchillos Cayendo,0.15,0.04,5,32,3.1,-2.92,-379.4,-97.9,-474.3,130.0
Cuchillos Cayendo,0.15,0.05,5,32,3.1,-3.71,-481.3,-99.3,-601.6,130.0
Cuchillos Cayendo,0.15,0.06,5,29,10.3,-2.88,-339.1,-96.8,-423.9,118.0
Cuchillos Cayendo,0.15,0.08,5,28,14.3,-2.89,-328.2,-96.4,-410.2,114.0
Cuchillos Cayendo,0.15,0.1,5,27,14.8,-3.41,-373.6,-97.8,-467.0,110.0
Cuchillos Cayendo,0.2,0.03,5,34,2.9,-2.08,-286.6,-94.5,-358.2,138.0
Cuchillos Cayendo,0.2,0.04,5,32,3.1,-2.77,-359.1,-97.4,-448.9,130.0
Cuchillos Cayendo,0.2,0.05,5,32,3.1,-3.55,-461.0,-99.1,-576.2,130.0
Cuchillos Cayendo,0.2,0.06,5,29,10.3,-2.37,-278.3,-94.0,-347.9,118.0
Cuchillos Cayendo,0.2,0.08,5,28,14.3,-2.18,-247.1,-91.8,-308.8,114.0
Cuchillos Cayendo,0.2,0.1,5,27,14.8,-2.67,-292.5,-94.8,-365.6,110.0
Cuchillos Cayendo,0.05,0.03,7,74,32.4,-0.61,-183.7,-84.2,-229.6,300.0
Cuchillos Cayendo,0.05,0.04,7,71,35.2,-1.04,-299.2,-95.1,-374.0,288.0
Cuchillos Cayendo,0.05,0.05,7,69,39.1,-1.29,-362.3,-97.4,-452.9,280.0
Cuchillos Cayendo,0.05,0.06,7,66,43.9,-1.3,-348.0,-97.0,-435.0,268.0
Cuchillos Cayendo,0.05,0.08,7,64,50.0,-1.34,-347.4,-97.0,-434.3,260.0
Cuchillos Cayendo,0.05,0.1,7,61,57.4,-0.82,-203.5,-87.0,-254.3,247.0
Cuchillos Cayendo,0.08,0.03,7,73,28.8,-0.04,-12.2,-11.4,-15.2,296.0
Cuchillos Cayendo,0.08,0.04,7,68,29.4,-0.67,-186.1,-84.5,-232.6,276.0
Cuchillos Cayendo,0.08,0.05,7,65,32.3,-0.98,-257.7,-92.5,-322.1,264.0
Cuchillos Cayendo,0.08,0.06,7,62,37.1,-0.89,-223.0,-89.4,-278.8,251.0
Cuchillos Cayendo,0.08,0.08,7,60,41.7,-1.06,-259.0,-92.6,-323.8,243.0
Cuchillos Cayendo,0.08,0.1,7,56,46.4,-0.64,-144.3,-76.5,-180.4,227.0
Cuchillos Cayendo,0.1,0.03,7,70,24.3,0.09,25.2,28.7,31.5,284.0
Cuchillos Cayendo,0.1,0.04,7,65,26.2,-0.38,-100.0,-63.3,-125.0,264.0
Cuchillos Cayendo,0.1,0.05,7,62,29.0,-0.63,-159.5,-79.8,-199.3,251.0
Cuchillos Cayendo,0.1,0.06,7,60,31.7,-0.58,-140.4,-75.5,-175.5,243.0
Cuchillos Cayendo,0.1,0.08,7,58,34.5,-0.95,-223.6,-89.4,-279.6,235.0
Cuchillos Cayendo,0.1,0.1,7,54,37.0,-0.75,-163.3,-80.6,-204.1,219.0
Cuchillos Cayendo,0.12,0.03,7,70,21.4,0.15,41.5,51.3,51.8,284.0
Cuchillos Cayendo,0.12,0.04,7,65,23.1,-0.3,-78.3,-54.3,-97.8,264.0
Cuchillos Cayendo,0.12,0.05,7,62,25.8,-0.53,-133.7,-73.8,-167.1,251.0
Cuchillos Cayendo,0.12,0.06,7,60,28.3,-0.45,-110.6,-67.0,-138.2,243.0
Cuchillos Cayendo,0.12,0.08,7,58,31.0,-0.82,-193.8,-85.7,-242.2,235.0
Cuchillos Cayendo,0.12,0.1,7,54,33.3,-0.65,-141.5,-75.8,-176.9,219.0
Cuchillos Cayendo,0.15,0.03,7,70,20.0,0.53,151.0,350.7,188.7,284.0
Cuchillos Cayendo,0.15,0.04,7,65,21.5,0.1,27.2,31.2,34.0,264.0
Cuchillos Cayendo,0.15,0.05,7,62,22.6,-0.23,-56.9,-43.4,-71.1,251.0
Cuchillos Cayendo,0.15,0.06,7,61,24.6,-0.21,-51.2,-40.1,-64.0,247.0
Cuchillos Cayendo,0.15,0.08,7,59,27.1,-0.58,-138.5,-75.1,-173.1,239.0
Cuchillos Cayendo,0.15,0.1,7,55,29.1,-0.42,-94.6,-61.3,-118.3,223.0
Cuchillos Cayendo,0.2,0.03,7,68,17.6,1.11,305.2,1980.1,381.5,276.0
Cuchillos Cayendo,0.2,0.04,7,64,18.8,0.66,172.5,457.8,215.6,260.0
Cuchillos Cayendo,0.2,0.05,7,61,18.0,0.2,50.1,64.9,62.6,247.0
Cuchillos Cayendo,0.2,0.06,7,59,20.3,0.44,105.6,186.9,132.0,239.0
Cuchillos Cayendo,0.2,0.08,7,57,22.8,0.24,54.9,73.0,68.6,231.0
Cuchillos Cayendo,0.2,0.1,7,53,22.6,0.43,91.8,150.0,114.8,215.0
Cuchillos Cayendo,0.05,0.03,11,100,33.0,-0.56,-228.0,-89.8,-284.9,406.0
Cuchillos Cayendo,0.05,0.04,11,90,37.8,-0.81,-294.2,-94.8,-367.8,365.0
Cuchillos Cayendo,0.05,0.05,11,87,41.4,-1.07,-377.1,-97.7,-471.4,353.0
Cuchillos Cayendo,0.05,0.06,11,83,45.8,-1.17,-395.4,-98.1,-494.2,337.0
Cuchillos Cayendo,0.05,0.08,11,75,52.0,-1.35,-410.8,-98.4,-513.5,304.0
Cuchillos Cayendo,0.05,0.1,11,68,60.3,-1.02,-282.3,-94.1,-352.9,276.0
Cuchillos Cayendo,0.08,0.03,11,96,27.1,-0.22,-86.1,-57.8,-107.7,389.0
Cuchillos Cayendo,0.08,0.04,11,83,30.1,-0.59,-197.6,-86.2,-247.0,337.0
Cuchillos Cayendo,0.08,0.05,11,80,32.5,-0.92,-297.9,-95.0,-372.4,324.0
Cuchillos Cayendo,0.08,0.06,11,76,36.8,-0.97,-300.0,-95.1,-375.0,308.0
Cuchillos Cayendo,0.08,0.08,11,68,42.6,-1.16,-319.5,-96.0,-399.3,276.0
Cuchillos Cayendo,0.08,0.1,11,61,50.8,-0.74,-182.9,-84.0,-228.6,247.0
Cuchillos Cayendo,0.1,0.03,11,94,23.4,-0.16,-60.4,-45.4,-75.5,381.0
Cuchillos Cayendo,0.1,0.04,11,81,27.2,-0.4,-131.3,-73.2,-164.2,328.0
Cuchillos Cayendo,0.1,0.05,11,78,29.5,-0.72,-227.6,-89.8,-284.4,316.0
Cuchillos Cayendo,0.1,0.06,11,72,30.6,-1.11,-324.6,-96.2,-405.8,292.0
Cuchillos Cayendo,0.1,0.08,11,64,37.5,-1.04,-271.1,-93.4,-338.8,260.0
Cuchillos Cayendo,0.1,0.1,11,56,44.6,-0.7,-158.1,-79.5,-197.6,227.0
Cuchillos Cayendo,0.12,0.03,11,92,20.7,-0.1,-38.7,-32.1,-48.4,373.0
Cuchillos Cayendo,0.12,0.04,11,78,25.6,-0.1,-31.4,-26.9,-39.2,316.0
Cuchillos Cayendo,0.12,0.05,11,75,28.0,-0.38,-115.4,-68.5,-144.3,304.0
Cuchillos Cayendo,0.12,0.06,11,69,29.0,-0.77,-216.5,-88.6,-270.7,280.0
Cuchillos Cayendo,0.12,0.08,11,62,35.5,-0.69,-172.3,-82.3,-215.4,251.0
Cuchillos Cayendo,0.12,0.1,11,54,42.6,-0.23,-51.2,-40.1,-64.0,219.0
Cuchillos Cayendo,0.15,0.03,11,88,18.2,0.07,25.5,29.0,31.8,357.0
Cuchillos Cayendo,0.15,0.04,11,75,24.0,0.36,108.6,195.8,135.8,304.0
Cuchillos Cayendo,0.15,0.05,11,72,25.0,-0.14,-40.3,-33.2,-50.4,292.0
Cuchillos Cayendo,0.15,0.06,11,66,25.8,-0.57,-153.6,-78.6,-192.0,268.0
Cuchillos Cayendo,0.15,0.08,11,60,30.0,-0.8,-195.5,-85.9,-244.3,243.0
Cuchillos Cayendo,0.15,0.1,11,52,36.5,-0.33,-70.3,-50.5,-87.9,211.0
Cuchillos Cayendo,0.2,0.03,11,85,14.1,0.18,62.6,86.9,78.2,345.0
Cuchillos Cayendo,0.2,0.04,11,72,19.4,0.69,200.1,634.5,250.1,292.0
Cuchillos Cayendo,0.2,0.05,11,69,20.3,0.2,55.2,73.6,69.0,280.0
Cuchillos Cayendo,0.2,0.06,11,65,21.5,-0.07,-19.1,-17.4,-23.9,264.0
Cuchillos Cayendo,0.2,0.08,11,58,25.9,0.03,6.6,6.8,8.2,235.0
Cuchillos Cayendo,0.2,0.1,11,49,30.6,0.44,88.3,141.4,110.4,199.0
Cuchillos Cayendo,0.05,0.03,15,140,29.3,-0.85,-484.8,-99.2,-606.0,568.0
Cuchillos Cayendo,0.05,0.04,15,128,35.9,-0.97,-501.5,-99.4,-626.9,519.0
Cuchillos Cayendo,0.05,0.05,15,122,40.2,-1.18,-584.5,-99.7,-730.6,495.0
Cuchillos Cayendo,0.05,0.06,15,115,43.5,-1.42,-661.4,-99.9,-826.7,466.0
Cuchillos Cayendo,0.05,0.08,15,103,49.5,-1.71,-712.5,-99.9,-890.7,418.0
Cuchillos Cayendo,0.05,0.1,15,93,59.1,-1.22,-460.2,-99.0,-575.3,377.0
Cuchillos Cayendo,0.08,0.03,15,134,25.4,-0.4,-219.3,-88.9,-274.1,543.0
Cuchillos Cayendo,0.08,0.04,15,120,30.8,-0.5,-241.9,-91.1,-302.3,487.0
Cuchillos Cayendo,0.08,0.05,15,109,33.9,-0.78,-344.4,-96.9,-430.5,442.0
Cuchillos Cayendo,0.08,0.06,15,103,36.9,-1.03,-430.3,-98.7,-537.8,418.0
Cuchillos Cayendo,0.08,0.08,15,92,42.4,-1.35,-502.5,-99.4,-628.1,373.0
Cuchillos Cayendo,0.08,0.1,15,80,51.2,-0.84,-272.9,-93.5,-341.1,324.0
Cuchillos Cayendo,0.1,0.03,15,129,22.5,-0.27,-141.2,-75.7,-176.5,523.0
Cuchillos Cayendo,0.1,0.04,15,114,28.1,-0.26,-122.0,-70.5,-152.5,462.0
Cuchillos Cayendo,0.1,0.05,15,105,32.4,-0.33,-140.8,-75.6,-176.1,426.0
Cuchillos Cayendo,0.1,0.06,15,98,34.7,-0.64,-254.9,-92.2,-318.6,397.0
Cuchillos Cayendo,0.1,0.08,15,84,39.3,-1.05,-357.4,-97.2,-446.8,341.0
Cuchillos Cayendo,0.1,0.1,15,72,47.2,-0.6,-176.3,-82.9,-220.4,292.0
Cuchillos Cayendo,0.12,0.03,15,126,19.8,-0.22,-110.2,-66.8,-137.8,511.0
Cuchillos Cayendo,0.12,0.04,15,108,24.1,-0.34,-149.3,-77.6,-186.7,438.0
Cuchillos Cayendo,0.12,0.05,15,99,27.3,-0.55,-221.9,-89.2,-277.4,402.0
Cuchillos Cayendo,0.12,0.06,15,92,29.3,-0.91,-340.0,-96.7,-425.0,373.0
Cuchillos Cayendo,0.12,0.08,15,80,35.0,-1.12,-362.3,-97.4,-452.8,324.0
Cuchillos Cayendo,0.12,0.1,15,67,43.3,-0.52,-140.0,-75.4,-175.0,272.0
Cuchillos Cayendo,0.15,0.03,15,122,17.2,-0.09,-46.9,-37.5,-58.7,495.0
Cuchillos Cayendo,0.15,0.04,15,105,21.9,-0.03,-13.2,-12.4,-16.6,426.0
Cuchillos Cayendo,0.15,0.05,15,97,24.7,-0.24,-95.1,-61.4,-118.9,393.0
Cuchillos Cayendo,0.15,0.06,15,90,26.7,-0.6,-217.3,-88.7,-271.6,365.0
Cuchillos Cayendo,0.15,0.08,15,77,32.5,-0.65,-201.8,-86.8,-252.3,312.0
Cuchillos Cayendo,0.15,0.1,15,64,40.6,0.13,32.6,38.5,40.7,260.0
Cuchillos Cayendo,0.2,0.03,15,114,11.4,-0.57,-263.2,-92.9,-329.0,462.0
Cuchillos Cayendo,0.2,0.04,15,98,14.3,-0.76,-303.7,-95.3,-379.7,397.0
Cuchillos Cayendo,0.2,0.05,15,90,16.7,-1.02,-373.1,-97.6,-466.4,365.0
Cuchillos Cayendo,0.2,0.06,15,84,19.0,-1.24,-423.7,-98.6,-529.6,341.0
Cuchillos Cayendo,0.2,0.08,15,71,22.5,-1.74,-500.2,-99.4,-625.3,288.0
Cuchillos Cayendo,0.2,0.1,15,58,29.3,-1.07,-251.9,-92.1,-314.9,235.0
Cuchillos Cayendo,0.05,0.03,21,170,25.3,-1.17,-805.8,-100.0,-1007.2,689.0
Cuchillos Cayendo,0.05,0.04,21,150,30.0,-1.5,-910.5,-100.0,-1138.1,608.0
Cuchillos Cayendo,0.05,0.05,21,144,34.0,-1.79,-1047.9,-100.0,-1309.9,584.0
Cuchillos Cayendo,0.05,0.06,21,135,40.0,-1.8,-983.7,-100.0,-1229.7,548.0
Cuchillos Cayendo,0.05,0.08,21,115,47.8,-1.98,-922.7,-100.0,-1153.4,466.0
Cuchillos Cayendo,0.05,0.1,21,101,59.4,-1.28,-523.3,-99.5,-654.1,410.0
Cuchillos Cayendo,0.08,0.03,21,160,20.0,-0.99,-640.5,-99.8,-800.6,649.0
Cuchillos Cayendo,0.08,0.04,21,138,23.9,-1.32,-738.9,-99.9,-923.6,560.0
Cuchillos Cayendo,0.08,0.05,21,131,29.0,-1.42,-754.4,-99.9,-943.0,531.0
Cuchillos Cayendo,0.08,0.06,21,121,33.9,-1.45,-710.2,-99.9,-887.8,491.0
Cuchillos Cayendo,0.08,0.08,21,98,41.8,-1.49,-593.7,-99.7,-742.1,397.0
Cuchillos Cayendo,0.08,0.1,21,85,51.8,-0.86,-296.6,-94.9,-370.7,345.0
Cuchillos Cayendo,0.1,0.03,21,155,18.7,-0.76,-475.4,-99.2,-594.2,629.0
Cuchillos Cayendo,0.1,0.04,21,133,22.6,-1.03,-557.6,-99.6,-697.0,539.0
Cuchillos Cayendo,0.1,0.05,21,127,26.8,-1.18,-606.4,-99.8,-758.0,515.0
Cuchillos Cayendo,0.1,0.06,21,112,28.6,-1.62,-736.1,-99.9,-920.2,454.0
Cuchillos Cayendo,0.1,0.08,21,90,35.6,-1.79,-653.3,-99.9,-816.6,365.0
Cuchillos Cayendo,0.1,0.1,21,76,44.7,-1.23,-379.7,-97.8,-474.7,308.0
Cuchillos Cayendo,0.12,0.03,21,153,17.6,-0.54,-335.1,-96.5,-418.8,620.0
Cuchillos Cayendo,0.12,0.04,21,128,21.1,-0.81,-421.7,-98.6,-527.2,519.0
Cuchillos Cayendo,0.12,0.05,21,122,23.8,-1.15,-569.9,-99.7,-712.4,495.0
Cuchillos Cayendo,0.12,0.06,21,107,25.2,-1.65,-715.9,-99.9,-894.8,434.0
Cuchillos Cayendo,0.12,0.08,21,87,32.2,-1.76,-619.2,-99.8,-774.0,353.0
Cuchillos Cayendo,0.12,0.1,21,73,41.1,-1.14,-337.6,-96.6,-422.0,296.0
Cuchillos Cayendo,0.15,0.03,21,147,15.0,-0.5,-295.1,-94.8,-368.9,596.0
Cuchillos Cayendo,0.15,0.04,21,122,18.0,-0.77,-378.5,-97.8,-473.2,495.0
Cuchillos Cayendo,0.15,0.05,21,117,20.5,-1.09,-519.1,-99.5,-648.9,474.0
Cuchillos Cayendo,0.15,0.06,21,103,22.3,-1.51,-629.0,-99.8,-786.2,418.0
Cuchillos Cayendo,0.15,0.08,21,83,28.9,-1.54,-519.5,-99.5,-649.4,337.0
Cuchillos Cayendo,0.15,0.1,21,70,38.6,-0.54,-153.9,-78.6,-192.4,284.0
Cuchillos Cayendo,0.2,0.03,21,140,10.0,-0.89,-503.9,-99.4,-629.9,568.0
Cuchillos Cayendo,0.2,0.04,21,117,12.0,-1.32,-625.4,-99.8,-781.8,474.0
Cuchillos Cayendo,0.2,0.05,21,110,13.6,-1.78,-796.1,-100.0,-995.2,446.0
Cuchillos Cayendo,0.2,0.06,21,97,15.5,-2.17,-855.4,-100.0,-1069.2,393.0
Cuchillos Cayendo,0.2,0.08,21,76,21.1,-2.3,-709.2,-99.9,-886.6,308.0
Cuchillos Cayendo,0.2,0.1,21,60,28.3,-1.69,-410.8,-98.4,-513.6,243.0
Cuchillos Cayendo,0.05,0.03,30,189,28.0,-0.95,-728.2,-99.9,-910.2,766.0
Cuchillos Cayendo,0.05,0.04,30,166,33.7,-1.16,-781.4,-100.0,-976.7,673.0
Cuchillos Cayendo,0.05,0.05,30,159,37.1,-1.49,-960.0,-100.0,-1200.0,645.0
Cuchillos Cayendo,0.05,0.06,30,149,43.0,-1.48,-891.3,-100.0,-1114.1,604.0
Cuchillos Cayendo,0.05,0.08,30,133,51.9,-1.46,-787.0,-100.0,-983.7,539.0
Cuchillos Cayendo,0.05,0.1,30,117,60.7,-1.1,-520.4,-99.5,-650.6,474.0
Cuchillos Cayendo,0.08,0.03,30,170,20.0,-0.99,-679.8,-99.9,-849.8,689.0
Cuchillos Cayendo,0.08,0.04,30,147,24.5,-1.25,-745.5,-99.9,-931.9,596.0
Cuchillos Cayendo,0.08,0.05,30,140,29.3,-1.39,-787.5,-100.0,-984.4,568.0
Cuchillos Cayendo,0.08,0.06,30,131,34.4,-1.39,-736.3,-99.9,-920.4,531.0
Cuchillos Cayendo,0.08,0.08,30,112,41.1,-1.63,-739.9,-99.9,-924.9,454.0
Cuchillos Cayendo,0.08,0.1,30,94,50.0,-1.2,-455.7,-99.0,-569.6,381.0
Cuchillos Cayendo,0.1,0.03,30,167,19.2,-0.7,-472.1,-99.1,-590.2,677.0
Cuchillos Cayendo,0.1,0.04,30,143,23.8,-0.86,-500.1,-99.3,-625.1,580.0
Cuchillos Cayendo,0.1,0.05,30,136,27.9,-1.0,-552.2,-99.6,-690.3,552.0
Cuchillos Cayendo,0.1,0.06,30,123,31.7,-1.12,-558.5,-99.6,-698.2,499.0
Cuchillos Cayendo,0.1,0.08,30,102,37.3,-1.49,-617.3,-99.8,-771.6,414.0
Cuchillos Cayendo,0.1,0.1,30,87,44.8,-1.23,-433.4,-98.7,-541.7,353.0
Cuchillos Cayendo,0.12,0.03,30,161,16.8,-0.67,-439.0,-98.8,-548.7,653.0
Cuchillos Cayendo,0.12,0.04,30,135,20.7,-0.87,-477.3,-99.2,-596.6,548.0
Cuchillos Cayendo,0.12,0.05,30,130,24.6,-1.01,-532.2,-99.5,-665.3,527.0
Cuchillos Cayendo,0.12,0.06,30,116,27.6,-1.23,-578.3,-99.7,-722.9,470.0
Cuchillos Cayendo,0.12,0.08,30,96,33.3,-1.53,-596.7,-99.8,-745.9,389.0
Cuchillos Cayendo,0.12,0.1,30,81,40.7,-1.23,-404.6,-98.3,-505.8,328.0
Cuchillos Cayendo,0.15,0.03,30,155,13.5,-0.75,-473.0,-99.1,-591.2,629.0
Cuchillos Cayendo,0.15,0.04,30,129,16.3,-1.1,-575.5,-99.7,-719.4,523.0
Cuchillos Cayendo,0.15,0.05,30,123,19.5,-1.29,-645.5,-99.8,-806.8,499.0
Cuchillos Cayendo,0.15,0.06,30,109,22.0,-1.57,-695.6,-99.9,-869.5,442.0
Cuchillos Cayendo,0.15,0.08,30,89,27.0,-2.0,-722.1,-99.9,-902.7,361.0
Cuchillos Cayendo,0.15,0.1,30,74,33.8,-1.75,-526.7,-99.5,-658.3,300.0
Cuchillos Cayendo,0.2,0.03,30,148,10.1,-0.86,-515.7,-99.4,-644.7,600.0
Cuchillos Cayendo,0.2,0.04,30,125,12.8,-1.12,-568.4,-99.7,-710.5,507.0
Cuchillos Cayendo,0.2,0.05,30,118,15.3,-1.38,-661.4,-99.9,-826.8,479.0
Cuchillos Cayendo,0.2,0.06,30,105,18.1,-1.49,-635.7,-99.8,-794.6,426.0
Cuchillos Cayendo,0.2,0.08,30,85,21.2,-2.27,-783.9,-100.0,-979.9,345.0
Cuchillos Cayendo,0.2,0.1,30,66,24.2,-2.93,-784.2,-100.0,-980.3,268.0
Cuchillos Cayendo,0.05,0.03,45,201,29.4,-0.84,-688.7,-99.9,-860.9,815.0
Cuchillos Cayendo,0.05,0.04,45,179,34.1,-1.13,-819.0,-100.0,-1023.8,726.0
Cuchillos Cayendo,0.05,0.05,45,168,38.1,-1.39,-944.8,-100.0,-1181.0,681.0
Cuchillos Cayendo,0.05,0.06,45,157,45.9,-1.15,-734.0,-99.9,-917.5,637.0
Cuchillos Cayendo,0.05,0.08,45,134,52.2,-1.41,-764.9,-100.0,-956.1,543.0
Cuchillos Cayendo,0.05,0.1,45,122,60.7,-1.1,-543.0,-99.6,-678.8,495.0
Cuchillos Cayendo,0.08,0.03,45,185,22.7,-0.69,-517.4,-99.4,-646.7,750.0
Cuchillos Cayendo,0.08,0.04,45,164,26.8,-0.97,-644.8,-99.8,-806.0,665.0
Cuchillos Cayendo,0.08,0.05,45,153,32.0,-1.03,-638.6,-99.8,-798.2,620.0
Cuchillos Cayendo,0.08,0.06,45,142,39.4,-0.67,-386.9,-97.9,-483.6,576.0
Cuchillos Cayendo,0.08,0.08,45,118,45.8,-0.87,-416.5,-98.5,-520.6,479.0
Cuchillos Cayendo,0.08,0.1,45,104,52.9,-0.67,-282.2,-94.1,-352.7,422.0
Cuchillos Cayendo,0.1,0.03,45,180,21.1,-0.44,-323.5,-96.1,-404.3,730.0
Cuchillos Cayendo,0.1,0.04,45,158,25.3,-0.64,-412.8,-98.4,-516.0,641.0
Cuchillos Cayendo,0.1,0.05,45,147,29.9,-0.7,-418.5,-98.5,-523.1,596.0
Cuchillos Cayendo,0.1,0.06,45,132,37.1,-0.25,-135.4,-74.2,-169.2,535.0
Cuchillos Cayendo,0.1,0.08,45,105,40.0,-0.99,-421.0,-98.5,-526.2,426.0
Cuchillos Cayendo,0.1,0.1,45,92,46.7,-0.84,-311.9,-95.6,-389.9,373.0
Cuchillos Cayendo,0.12,0.03,45,173,17.9,-0.5,-347.8,-96.9,-434.8,702.0
Cuchillos Cayendo,0.12,0.04,45,149,21.5,-0.75,-452.6,-98.9,-565.8,604.0
Cuchillos Cayendo,0.12,0.05,45,137,24.8,-0.97,-540.2,-99.6,-675.2,556.0
Cuchillos Cayendo,0.12,0.06,45,124,30.6,-0.68,-340.3,-96.7,-425.4,503.0
Cuchillos Cayendo,0.12,0.08,45,98,35.7,-1.05,-416.2,-98.5,-520.2,397.0
Cuchillos Cayendo,0.12,0.1,45,85,43.5,-0.61,-209.7,-87.8,-262.2,345.0
Cuchillos Cayendo,0.15,0.03,45,166,15.1,-0.48,-320.2,-96.0,-400.2,673.0
Cuchillos Cayendo,0.15,0.04,45,141,17.7,-0.82,-469.2,-99.1,-586.6,572.0
Cuchillos Cayendo,0.15,0.05,45,129,20.2,-1.16,-608.8,-99.8,-761.0,523.0
Cuchillos Cayendo,0.15,0.06,45,116,25.9,-0.77,-360.3,-97.3,-450.4,470.0
Cuchillos Cayendo,0.15,0.08,45,92,31.5,-0.94,-352.6,-97.1,-440.7,373.0
Cuchillos Cayendo,0.15,0.1,45,78,38.5,-0.58,-182.1,-83.9,-227.6,316.0
Cuchillos Cayendo,0.2,0.03,45,159,10.1,-0.87,-562.0,-99.6,-702.5,645.0
Cuchillos Cayendo,0.2,0.04,45,136,12.5,-1.19,-655.9,-99.9,-819.8,552.0
Cuchillos Cayendo,0.2,0.05,45,123,14.6,-1.54,-766.0,-100.0,-957.4,499.0
Cuchillos Cayendo,0.2,0.06,45,111,18.9,-1.28,-575.1,-99.7,-718.8,450.0
Cuchillos Cayendo,0.2,0.08,45,87,23.0,-1.76,-620.1,-99.8,-775.1,353.0
Cuchillos Cayendo,0.2,0.1,45,68,27.9,-1.81,-499.1,-99.4,-623.8,276.0
